draw,date,time,spade,heart,diamond,club
50689,17/03/25,13:00,10,8,Q,9
50690,17/03/25,15:00,K,K,Q,J
50691,17/03/25,17:00,A,10,J,Q
50692,17/03/25,19:00,K,9,K,Q
50693,17/03/25,21:00,J,K,9,8
50694,18/03/25,09:00,Q,8,7,8
50695,18/03/25,11:00,9,10,Q,9
50696,18/03/25,13:00,A,Q,10,J
50697,18/03/25,15:00,7,7,J,Q
50698,18/03/25,17:00,Q,7,J,A
50699,18/03/25,19:00,K,Q,8,9
50700,18/03/25,21:00,9,K,8,9
50701,19/03/25,09:00,9,Q,J,10
50702,19/03/25,11:00,A,8,J,A
50703,19/03/25,13:00,9,J,J,9
50704,19/03/25,15:00,7,J,8,7
50705,19/03/25,17:00,A,Q,8,Q
50706,19/03/25,19:00,Q,K,K,7
50707,19/03/25,21:00,9,J,J,9
50708,20/03/25,09:00,K,9,10,J
50709,20/03/25,11:00,10,8,8,8
50710,20/03/25,13:00,9,8,9,A
50711,20/03/25,15:00,9,8,8,8
50712,20/03/25,17:00,8,K,7,Q
50713,20/03/25,19:00,10,8,9,7
50714,20/03/25,21:00,Q,10,8,10
50715,21/03/25,10:00,K,J,K,J
50716,21/03/25,12:00,10,7,K,Q
50717,21/03/25,14:00,10,K,10,K
50718,22/03/25,21:30,K,Q,J,9
50719,22/03/25,23:30,7,Q,A,K
50720,23/03/25,09:00,J,9,7,J
50721,23/03/25,11:00,8,10,A,8
50722,23/03/25,13:00,K,A,10,K
50723,23/03/25,15:00,A,A,10,10
50724,23/03/25,17:00,Q,7,J,K
50725,23/03/25,19:00,K,7,10,10
50726,23/03/25,21:00,7,7,8,7
50727,24/03/25,09:00,8,10,J,7
50728,24/03/25,11:00,9,10,Q,9
50729,24/03/25,13:00,7,Q,J,J
50730,24/03/25,15:00,J,9,10,K
50731,24/03/25,17:00,A,Q,A,8
50732,24/03/25,19:00,A,9,9,8
50733,24/03/25,21:00,10,10,8,10
50734,25/03/25,09:00,8,9,Q,Q
50735,25/03/25,11:00,8,A,Q,7
50736,25/03/25,13:00,7,K,10,10
50737,25/03/25,15:00,A,A,7,10
50738,25/03/25,17:00,8,K,Q,Q
50739,25/03/25,19:00,8,J,A,10
50740,25/03/25,21:00,10,A,8,J
50741,26/03/25,09:00,Q,K,K,10
50742,26/03/25,11:00,7,7,A,7
50743,26/03/25,13:00,9,J,7,10
50744,26/03/25,15:00,10,8,10,7
50745,26/03/25,17:00,8,10,10,Q
50746,26/03/25,19:00,7,A,K,9
50747,26/03/25,21:00,9,J,10,10
50748,27/03/25,09:00,8,7,10,8
50749,27/03/25,11:00,Q,9,10,J
50750,27/03/25,13:00,A,A,Q,9
50751,27/03/25,15:00,8,9,Q,J
50752,27/03/25,17:00,10,Q,K,10
50753,27/03/25,19:00,8,J,J,A
50754,27/03/25,21:00,Q,9,A,8
50755,28/03/25,10:00,Q,K,Q,K
50756,28/03/25,12:00,8,Q,Q,9
50757,28/03/25,14:00,K,J,8,8
50758,29/03/25,21:30,7,K,8,7
50759,29/03/25,23:30,J,8,K,8
50760,30/03/25,09:00,9,8,Q,9
50761,30/03/25,11:00,K,10,7,Q
50762,30/03/25,13:00,A,J,J,7
50763,30/03/25,15:00,A,J,10,J
50764,30/03/25,17:00,Q,7,8,10
50765,30/03/25,19:00,10,8,K,10
50766,30/03/25,21:00,9,J,10,7
50767,31/03/25,09:00,10,A,Q,J
50768,31/03/25,11:00,7,J,J,A
50769,31/03/25,13:00,A,K,Q,10
50770,31/03/25,15:00,8,K,9,Q
50771,31/03/25,17:00,K,10,A,8
50772,31/03/25,19:00,9,K,9,7
50773,31/03/25,21:00,9,10,8,9
50774,01/04/25,09:00,K,10,J,A
50775,01/04/25,11:00,Q,J,K,10
50776,01/04/25,13:00,8,10,A,8
50777,01/04/25,15:00,7,J,8,Q
50778,01/04/25,17:00,Q,10,K,8
50779,01/04/25,19:00,Q,A,8,A
50780,01/04/25,21:00,9,7,K,7
50781,02/04/25,09:00,9,J,Q,8
50782,02/04/25,11:00,A,A,8,Q
50783,02/04/25,13:00,K,J,9,10
50784,02/04/25,15:00,K,Q,9,10
50785,02/04/25,17:00,Q,7,9,8
50786,02/04/25,19:00,J,K,J,Q
50787,02/04/25,21:00,A,8,7,J
50788,03/04/25,09:00,7,9,8,K
50789,03/04/25,11:00,8,9,J,8
50790,03/04/25,13:00,K,K,A,A
50791,03/04/25,15:00,10,8,A,K
50792,03/04/25,17:00,A,10,9,7
50793,03/04/25,19:00,9,10,7,A
50794,03/04/25,21:00,J,J,7,7
50795,04/04/25,10:00,K,Q,10,8
50796,04/04/25,12:00,Q,A,J,9
50797,04/04/25,14:00,A,7,8,K
50798,05/04/25,21:30,8,Q,A,A
50799,05/04/25,23:30,Q,J,8,9
50800,06/04/25,09:00,J,Q,J,10
50801,06/04/25,11:00,7,Q,10,8
50802,06/04/25,13:00,J,9,9,Q
50803,06/04/25,15:00,10,10,7,Q
50804,06/04/25,17:00,K,J,8,J
50805,06/04/25,19:00,8,J,8,Q
50806,06/04/25,21:00,A,10,K,8
50807,07/04/25,09:00,A,K,J,8
50808,07/04/25,11:00,Q,7,7,9
50809,07/04/25,13:00,7,Q,Q,10
50810,07/04/25,15:00,7,J,8,Q
50811,07/04/25,17:00,K,A,K,K
50812,07/04/25,19:00,A,10,A,10
50813,07/04/25,21:00,7,A,A,K
50814,08/04/25,09:00,J,J,A,10
50815,08/04/25,11:00,8,Q,9,A
50816,08/04/25,13:00,7,A,K,10
50817,08/04/25,15:00,7,10,7,Q
50818,08/04/25,17:00,8,7,9,9
50819,08/04/25,19:00,10,9,7,J
50820,08/04/25,21:00,Q,7,J,10
50821,09/04/25,09:00,7,7,A,8
50822,09/04/25,11:00,9,Q,9,10
50823,09/04/25,13:00,8,7,9,9
50824,09/04/25,15:00,K,A,7,A
50825,09/04/25,17:00,J,A,J,7
50826,09/04/25,19:00,8,Q,10,K
50827,09/04/25,21:00,Q,Q,A,8
50828,10/04/25,09:00,Q,9,Q,8
50829,10/04/25,11:00,10,7,K,K
50830,10/04/25,13:00,9,K,7,J
50831,10/04/25,15:00,9,Q,A,Q
50832,10/04/25,17:00,Q,J,J,8
50833,10/04/25,19:00,9,10,Q,J
50834,10/04/25,21:00,A,7,K,7
50835,11/04/25,10:00,K,7,8,7
50836,11/04/25,12:00,8,K,K,J
50837,11/04/25,14:00,8,9,A,Q
50838,13/04/25,21:30,Q,8,9,7
50839,14/04/25,09:00,7,8,K,K
50840,14/04/25,11:00,9,7,K,7
50841,14/04/25,13:00,K,J,A,7
50842,14/04/25,15:00,9,9,Q,9
50843,14/04/25,17:00,9,A,Q,7
50844,14/04/25,19:00,Q,Q,9,A
50845,14/04/25,21:00,A,J,A,A
50846,15/04/25,09:00,9,7,9,10
50847,15/04/25,11:00,8,J,A,10
50848,15/04/25,13:00,8,A,9,K
50849,15/04/25,15:00,9,7,9,8
50850,15/04/25,17:00,J,8,8,8
50851,15/04/25,19:00,J,A,K,8
50852,15/04/25,21:00,7,K,J,A
50853,16/04/25,09:00,Q,9,8,K
50854,16/04/25,11:00,A,10,9,Q
50855,16/04/25,13:00,K,A,10,8
50856,16/04/25,15:00,9,10,Q,8
50857,16/04/25,17:00,9,J,8,A
50858,16/04/25,19:00,A,10,J,7
50859,16/04/25,21:00,10,10,A,K
50860,17/04/25,09:00,9,J,K,10
50861,17/04/25,11:00,A,9,8,8
50862,17/04/25,13:00,8,Q,Q,A
50863,17/04/25,15:00,A,K,Q,10
50864,17/04/25,17:00,J,Q,8,Q
50865,17/04/25,19:00,K,9,J,A
50866,17/04/25,21:00,J,8,10,A
50867,18/04/25,10:00,K,K,10,7
50868,18/04/25,12:00,Q,9,9,7
50869,18/04/25,14:00,K,7,Q,K
50870,19/04/25,21:30,A,9,A,10
50871,19/04/25,23:30,Q,9,K,J
50872,20/04/25,09:00,10,Q,Q,10
50873,20/04/25,11:00,8,Q,Q,7
50874,20/04/25,13:00,J,9,Q,7
50875,20/04/25,15:00,K,8,9,J
50876,20/04/25,17:00,K,A,K,J
50877,20/04/25,19:00,8,K,K,10
50878,20/04/25,21:00,J,10,10,7
50879,21/04/25,09:00,7,8,Q,10
50880,21/04/25,11:00,10,A,J,K
50881,21/04/25,13:00,10,J,9,9
50882,21/04/25,15:00,9,Q,A,K
50883,21/04/25,17:00,J,7,Q,9
50884,21/04/25,19:00,8,7,7,K
50885,21/04/25,21:00,9,K,K,8
50886,22/04/25,09:00,A,J,9,Q
50887,22/04/25,11:00,8,8,9,A
50888,22/04/25,13:00,10,9,A,J
50889,22/04/25,15:00,7,Q,Q,8
50890,22/04/25,17:00,A,K,9,J
50891,22/04/25,19:00,9,10,A,9
50892,22/04/25,21:00,9,K,9,10
50893,23/04/25,09:00,Q,8,A,K
50894,23/04/25,11:00,7,8,7,A
50895,23/04/25,13:00,7,8,9,Q
50896,23/04/25,15:00,10,Q,J,K
50897,24/04/25,21:30,10,10,7,9
50898,25/04/25,10:00,7,10,10,8
50899,25/04/25,12:00,9,Q,8,J
50900,25/04/25,14:00,10,Q,K,Q
50901,26/04/25,21:30,J,7,10,8
50902,26/04/25,23:30,A,A,A,J
50903,27/04/25,09:00,A,10,Q,J
50904,27/04/25,11:00,8,9,9,9
50905,27/04/25,13:00,7,8,9,J
50906,27/04/25,15:00,A,7,J,10
50907,27/04/25,17:00,K,J,7,A
50908,27/04/25,19:00,7,K,K,9
50909,27/04/25,21:00,J,8,8,A
50910,28/04/25,09:00,7,8,8,7
50911,28/04/25,11:00,9,J,9,7
50912,28/04/25,13:00,9,7,9,J
50913,28/04/25,15:00,8,9,10,Q
50914,28/04/25,17:00,Q,7,Q,9
50915,28/04/25,19:00,10,7,7,8
50916,28/04/25,21:00,K,K,J,J
50917,29/04/25,09:00,A,10,8,9
50918,29/04/25,11:00,K,J,J,Q
50919,29/04/25,13:00,9,J,9,9
50920,29/04/25,15:00,8,7,A,9
50921,30/04/25,21:30,K,9,A,9
50922,01/05/25,21:30,A,7,J,10
50923,02/05/25,10:00,9,A,9,Q
50924,02/05/25,12:00,Q,A,10,Q
50925,02/05/25,14:00,10,A,A,10
50926,03/05/25,21:30,9,8,10,7
50927,03/05/25,23:30,8,7,Q,J
50928,04/05/25,09:00,Q,9,9,8
50929,04/05/25,11:00,8,Q,J,J
50930,04/05/25,13:00,8,8,K,9
50931,04/05/25,15:00,Q,7,9,10
50932,04/05/25,17:00,9,J,9,10
50933,04/05/25,19:00,J,K,A,9
50934,04/05/25,21:00,Q,7,K,9
50935,05/05/25,09:00,9,Q,7,K
50936,05/05/25,11:00,10,7,9,Q
50937,05/05/25,13:00,9,J,10,J
50938,05/05/25,15:00,10,7,Q,K
50939,05/05/25,17:00,9,K,K,J
50940,05/05/25,19:00,8,J,A,K
50941,05/05/25,21:00,7,K,A,Q
50942,06/05/25,09:00,Q,7,9,10
50943,06/05/25,11:00,A,10,Q,J
50944,06/05/25,13:00,A,Q,10,10
50945,06/05/25,15:00,9,7,Q,8
50946,06/05/25,17:00,A,9,Q,7
50947,06/05/25,19:00,Q,10,8,8
50948,06/05/25,21:00,8,7,7,8
50949,07/05/25,09:00,J,J,10,K
50950,07/05/25,11:00,10,Q,8,10
50951,07/05/25,13:00,A,K,Q,8
50952,07/05/25,15:00,9,9,10,A
50953,07/05/25,17:00,10,9,K,Q
50954,07/05/25,19:00,7,7,8,8
50955,07/05/25,21:00,8,9,J,8
50956,08/05/25,09:00,J,7,J,K
50957,08/05/25,11:00,10,A,Q,8
50958,08/05/25,13:00,Q,J,7,A
50959,08/05/25,15:00,9,9,8,9
50960,08/05/25,17:00,J,10,J,9
50961,08/05/25,19:00,9,10,K,10
50962,08/05/25,21:00,8,K,A,7
50963,09/05/25,10:00,K,K,Q,K
50964,09/05/25,12:00,K,J,Q,9
50965,09/05/25,14:00,8,A,J,K
50966,10/05/25,21:30,K,10,A,9
50967,10/05/25,23:30,Q,7,10,8
50968,11/05/25,09:00,K,A,A,7
50969,11/05/25,11:00,7,A,10,K
50970,11/05/25,13:00,8,K,J,9
50971,11/05/25,15:00,8,10,A,J
50972,11/05/25,17:00,9,8,K,7
50973,11/05/25,19:00,K,A,9,10
50974,11/05/25,21:00,Q,7,7,Q
50975,12/05/25,09:00,Q,9,7,J
50976,12/05/25,11:00,J,9,J,10
50977,12/05/25,13:00,8,A,8,8
50978,12/05/25,15:00,10,7,K,10
50979,12/05/25,17:00,10,7,J,A
50980,12/05/25,19:00,7,A,9,9
50981,12/05/25,21:00,K,7,A,A
50982,13/05/25,09:00,10,J,Q,7
50983,13/05/25,11:00,A,10,9,A
50984,13/05/25,13:00,8,10,Q,K
50985,13/05/25,15:00,9,A,Q,9
50986,13/05/25,17:00,9,Q,8,9
50987,13/05/25,19:00,8,J,J,7
50988,13/05/25,21:00,K,8,Q,8
50989,14/05/25,09:00,J,K,10,K
50990,14/05/25,11:00,J,7,J,7
50991,14/05/25,13:00,10,J,A,J
50992,14/05/25,15:00,Q,9,10,8
50993,14/05/25,17:00,A,7,J,J
50994,14/05/25,19:00,Q,K,Q,J
50995,14/05/25,21:00,K,Q,Q,J
50996,15/05/25,09:00,A,K,10,8
50997,15/05/25,11:00,Q,10,9,A
50998,15/05/25,13:00,K,7,J,9
50999,15/05/25,15:00,Q,K,10,A
51000,15/05/25,17:00,8,K,J,J
51001,15/05/25,19:00,A,K,9,Q
51002,15/05/25,21:00,A,8,7,10
51003,16/05/25,10:00,9,Q,J,A
51004,16/05/25,12:00,10,7,J,J
51005,16/05/25,14:00,K,Q,A,J
51006,17/05/25,21:30,8,Q,10,7
51007,17/05/25,23:30,9,7,Q,Q
51008,18/05/25,09:00,7,7,J,9
51009,18/05/25,11:00,9,J,7,7
51010,18/05/25,13:00,J,7,A,7
51011,18/05/25,15:00,10,10,9,K
51012,18/05/25,17:00,9,K,8,8
51013,18/05/25,19:00,A,J,9,Q
51014,18/05/25,21:00,10,A,Q,9
51015,19/05/25,09:00,J,7,10,10
51016,19/05/25,11:00,7,Q,7,9
51017,19/05/25,13:00,A,A,A,9
51018,19/05/25,15:00,10,A,9,7
51019,19/05/25,17:00,8,Q,8,A
51020,19/05/25,19:00,9,8,A,A
51021,19/05/25,21:00,Q,9,7,7
51022,20/05/25,09:00,9,8,A,J
51023,20/05/25,11:00,J,8,J,9
51024,20/05/25,13:00,10,A,J,8
51025,20/05/25,15:00,8,10,10,9
51026,20/05/25,17:00,Q,9,10,9
51027,20/05/25,19:00,7,7,Q,J
51028,20/05/25,21:00,K,Q,K,K
51029,21/05/25,09:00,7,9,10,K
51030,21/05/25,11:00,J,7,8,A
51031,21/05/25,13:00,7,10,9,K
51032,21/05/25,15:00,K,8,8,10
51033,21/05/25,17:00,A,Q,8,A
51034,21/05/25,19:00,A,A,K,J
51035,21/05/25,21:00,K,10,Q,10
51036,22/05/25,09:00,10,Q,A,7
51037,22/05/25,11:00,10,7,Q,A
51038,22/05/25,13:00,10,Q,J,A
51039,22/05/25,15:00,7,8,Q,A
51040,22/05/25,17:00,A,K,10,7
51041,22/05/25,19:00,Q,8,10,10
51042,22/05/25,21:00,7,Q,10,7
51043,23/05/25,10:00,9,Q,A,K
51044,23/05/25,12:00,8,A,K,7
51045,23/05/25,14:00,Q,A,K,8
51046,24/05/25,21:30,10,9,A,Q
51047,24/05/25,23:30,7,7,Q,K
51048,25/05/25,09:00,K,J,8,J
51049,25/05/25,11:00,A,Q,K,K
51050,25/05/25,13:00,J,8,9,J
51051,25/05/25,15:00,9,10,8,A
51052,25/05/25,17:00,8,A,J,9
51053,25/05/25,19:00,9,J,J,J
51054,25/05/25,21:00,A,J,7,A
51055,26/05/25,09:00,K,J,10,8
51056,26/05/25,11:00,Q,K,A,K
51057,26/05/25,13:00,Q,7,J,8
51058,26/05/25,15:00,K,J,K,10
51059,26/05/25,17:00,10,A,J,J
51060,26/05/25,19:00,9,K,9,A
51061,26/05/25,21:00,9,K,9,10
51062,27/05/25,09:00,9,7,A,8
51063,27/05/25,11:00,10,K,A,Q
51064,27/05/25,13:00,10,A,Q,J
51065,27/05/25,15:00,J,Q,7,8
51066,27/05/25,17:00,10,10,8,Q
51067,27/05/25,19:00,9,Q,J,A
51068,27/05/25,21:00,7,A,8,9
51069,28/05/25,09:00,9,9,K,7
51070,28/05/25,11:00,9,Q,Q,7
51071,28/05/25,13:00,K,9,J,7
51072,28/05/25,15:00,K,Q,Q,7
51073,28/05/25,17:00,9,10,10,9
51074,28/05/25,19:00,Q,10,9,J
51075,28/05/25,21:00,A,9,Q,10
51076,29/05/25,09:00,J,9,9,Q
51077,29/05/25,11:00,7,Q,A,Q
51078,29/05/25,13:00,A,8,J,9
51079,29/05/25,15:00,A,9,K,9
51080,29/05/25,17:00,J,8,9,10
51081,29/05/25,19:00,10,9,8,7
51082,29/05/25,21:00,10,9,A,9
51083,30/05/25,10:00,9,A,9,J
51084,30/05/25,12:00,9,7,J,A
51085,30/05/25,14:00,A,10,8,10
51086,31/05/25,21:30,K,8,7,10
51087,31/05/25,23:30,A,Q,10,8
51088,01/06/25,09:00,8,K,Q,A
51089,01/06/25,11:00,J,J,K,8
51090,01/06/25,13:00,J,A,A,J
51091,02/06/25,21:30,J,9,10,9
51092,03/06/25,09:00,9,10,8,K
51093,03/06/25,11:00,8,J,8,7
51094,03/06/25,13:00,10,10,10,J
51095,03/06/25,15:00,8,10,J,K
51096,03/06/25,17:00,10,Q,K,A
51097,03/06/25,19:00,7,10,Q,K
51098,03/06/25,21:00,Q,J,8,9
51099,04/06/25,09:00,Q,Q,J,9
51100,04/06/25,11:00,K,8,9,10
51101,04/06/25,13:00,10,K,8,K
51102,04/06/25,15:00,K,10,K,J
51103,04/06/25,17:00,A,10,10,A
51104,04/06/25,19:00,Q,8,9,7
51105,04/06/25,21:00,K,7,9,8
51106,05/06/25,09:00,8,A,A,7
51107,05/06/25,11:00,7,7,K,10
51108,05/06/25,13:00,10,8,J,9
51109,05/06/25,15:00,Q,K,8,K
51110,05/06/25,17:00,9,7,9,8
51111,05/06/25,19:00,7,A,8,Q
51112,05/06/25,21:00,K,7,Q,7
51113,06/06/25,10:00,8,8,10,A
51114,06/06/25,12:00,K,7,Q,J
51115,06/06/25,14:00,8,Q,A,9
51116,07/06/25,21:30,8,J,A,9
51117,07/06/25,23:30,Q,J,9,A
51118,08/06/25,09:00,Q,Q,9,A
51119,08/06/25,11:00,J,8,J,K
51120,08/06/25,13:00,A,10,Q,A
51121,08/06/25,15:00,K,9,Q,J
51122,08/06/25,17:00,Q,Q,J,K
51123,08/06/25,19:00,A,K,Q,7
51124,08/06/25,21:00,8,K,A,J
51125,09/06/25,09:00,7,A,K,10
51126,09/06/25,11:00,10,9,9,8
51127,09/06/25,13:00,Q,9,Q,A
51128,09/06/25,15:00,7,A,8,K
51129,09/06/25,17:00,K,7,K,7
51130,09/06/25,19:00,8,K,Q,10
51131,09/06/25,21:00,9,7,10,10
51132,10/06/25,09:00,A,J,A,7
51133,10/06/25,11:00,8,A,10,Q
51134,10/06/25,13:00,A,A,Q,7
51135,10/06/25,15:00,A,10,A,7
51136,10/06/25,17:00,K,K,8,7
51137,10/06/25,19:00,8,10,8,A
51138,10/06/25,21:00,9,K,9,Q
51139,11/06/25,09:00,8,7,7,8
51140,11/06/25,11:00,8,A,K,10
51141,11/06/25,13:00,7,7,7,J
51142,11/06/25,15:00,9,8,K,10
51143,11/06/25,17:00,J,7,Q,A
51144,11/06/25,19:00,J,7,J,Q
51145,11/06/25,21:00,8,A,10,J
51146,12/06/25,09:00,8,A,Q,K
51147,12/06/25,11:00,10,8,Q,8
51148,12/06/25,13:00,7,A,8,J
51149,12/06/25,15:00,7,K,9,K
51150,12/06/25,17:00,8,K,J,J
51151,12/06/25,19:00,K,A,7,10
51152,12/06/25,21:00,Q,9,A,7
51153,19/06/25,09:00,J,J,8,K
51154,19/06/25,11:00,7,A,A,J
51155,19/06/25,13:00,7,9,Q,9
51156,19/06/25,15:00,K,8,7,K
51157,19/06/25,17:00,7,10,K,K
51158,19/06/25,19:00,9,J,7,A
51159,19/06/25,21:00,A,J,8,8
51160,20/06/25,10:00,J,A,7,A
51161,20/06/25,12:00,10,8,8,7
51162,20/06/25,14:00,10,10,7,Q
51163,21/06/25,21:30,7,8,A,K
51164,21/06/25,23:30,9,K,7,K
51165,25/06/25,09:00,A,7,8,9
51166,25/06/25,11:00,9,K,A,K
51167,25/06/25,13:00,10,8,9,K
51168,25/06/25,15:00,8,A,7,K
51169,25/06/25,17:00,K,Q,9,8
51170,25/06/25,19:00,9,K,9,7
51171,25/06/25,21:00,Q,K,7,7
51172,26/06/25,09:00,J,8,K,8
51173,26/06/25,11:00,K,J,10,10
51174,26/06/25,13:00,10,8,9,7
51175,26/06/25,15:00,K,7,8,J
51176,26/06/25,17:00,8,10,9,K
51177,26/06/25,19:00,9,J,8,9
51178,26/06/25,21:00,9,K,A,Q
51179,27/06/25,10:00,A,A,7,7
51180,27/06/25,12:00,J,K,9,7
51181,27/06/25,14:00,9,10,J,10
51182,28/06/25,21:30,10,7,10,10
51183,28/06/25,23:30,8,Q,K,7
51184,29/06/25,09:00,10,K,7,J
51185,29/06/25,11:00,8,Q,7,A
51186,29/06/25,13:00,9,7,K,Q
51187,29/06/25,15:00,9,Q,J,J
51188,29/06/25,17:00,K,A,K,9
51189,29/06/25,19:00,J,10,10,Q
51190,29/06/25,21:00,9,8,K,Q
51191,30/06/25,09:00,7,9,8,9
51192,30/06/25,11:00,A,7,8,A
51193,30/06/25,13:00,K,7,10,8
51194,30/06/25,15:00,10,9,8,Q
51195,30/06/25,17:00,7,9,9,8
51196,30/06/25,19:00,9,10,7,7
51197,30/06/25,21:00,8,7,Q,Q
51198,01/07/25,09:00,8,8,Q,7
51199,01/07/25,11:00,Q,8,K,10
51200,01/07/25,13:00,9,Q,A,9
51201,01/07/25,15:00,9,Q,7,K
51202,01/07/25,17:00,8,8,A,A
51203,01/07/25,19:00,Q,A,A,9
51204,01/07/25,21:00,8,9,7,7
51205,02/07/25,09:00,9,10,A,9
51206,02/07/25,11:00,8,8,8,9
51207,02/07/25,13:00,10,J,J,J
51208,02/07/25,15:00,7,J,A,K
51209,02/07/25,17:00,A,A,7,K
51210,02/07/25,19:00,J,7,K,7
51211,02/07/25,21:00,10,10,10,10
51212,03/07/25,09:00,8,7,Q,8
51213,03/07/25,11:00,9,A,10,J
51214,03/07/25,13:00,10,Q,Q,A
51215,03/07/25,15:00,A,J,8,K
51216,03/07/25,17:00,7,Q,9,10
51217,03/07/25,19:00,9,10,J,Q
51218,03/07/25,21:00,10,7,8,9
51219,04/07/25,10:00,K,9,10,K
51220,04/07/25,12:00,9,K,K,9
51221,04/07/25,14:00,9,7,9,9
51222,05/07/25,21:30,A,10,7,10
51223,05/07/25,23:30,9,K,8,10
51224,06/07/25,09:00,J,J,K,K
51225,06/07/25,11:00,7,J,A,K
51226,06/07/25,13:00,10,8,7,9
51227,06/07/25,15:00,9,A,J,K
51228,06/07/25,17:00,8,10,J,J
51229,06/07/25,19:00,8,J,K,9
51230,06/07/25,21:00,J,9,8,8
51231,07/07/25,09:00,7,7,8,K
51232,07/07/25,11:00,K,J,J,A
51233,07/07/25,13:00,K,Q,J,Q
51234,07/07/25,15:00,9,A,Q,K
51235,07/07/25,17:00,10,K,K,10
51236,07/07/25,19:00,J,8,J,7
51237,07/07/25,21:00,8,7,K,J
51238,08/07/25,09:00,7,J,10,Q
51239,08/07/25,11:00,9,10,7,J
51240,08/07/25,13:00,9,Q,J,A
51241,08/07/25,15:00,10,K,K,8
51242,08/07/25,17:00,9,K,A,A
51243,08/07/25,19:00,J,Q,8,9
51244,08/07/25,21:00,8,K,Q,K
51245,09/07/25,09:00,K,A,8,Q
51246,09/07/25,11:00,9,7,A,9
51247,09/07/25,13:00,A,K,J,Q
51248,09/07/25,15:00,9,Q,9,K
51249,09/07/25,17:00,J,J,10,K
51250,09/07/25,19:00,K,7,Q,A
51251,09/07/25,21:00,10,A,A,Q
51252,10/07/25,09:00,10,8,10,7
51253,10/07/25,11:00,Q,10,7,A
51254,10/07/25,13:00,K,K,K,9
51255,10/07/25,15:00,J,K,K,A
51256,10/07/25,17:00,A,A,Q,J
51257,10/07/25,19:00,8,A,Q,8
51258,10/07/25,21:00,10,A,A,7
51259,11/07/25,10:00,J,10,Q,7
51260,11/07/25,12:00,J,9,8,7
51261,11/07/25,14:00,8,8,9,8
51262,12/07/25,21:30,7,J,7,10
51263,12/07/25,23:30,J,8,J,Q
51264,13/07/25,09:00,A,9,J,10
51265,13/07/25,11:00,J,8,7,9
51266,13/07/25,13:00,Q,8,A,K
51267,13/07/25,15:00,9,A,J,10
51268,13/07/25,17:00,J,10,8,9
51269,13/07/25,19:00,J,Q,A,8
51270,13/07/25,21:00,K,J,7,A
51271,14/07/25,09:00,A,7,9,9
51272,14/07/25,11:00,7,J,7,K
51273,14/07/25,13:00,9,9,A,Q
51274,14/07/25,15:00,J,8,7,K
51275,14/07/25,17:00,7,9,J,Q
51276,14/07/25,19:00,K,Q,A,A
51277,14/07/25,21:00,A,10,Q,J
51278,15/07/25,09:00,7,J,9,J
51279,15/07/25,11:00,10,Q,9,9
51280,15/07/25,13:00,A,10,9,8
51281,15/07/25,15:00,Q,A,10,K
51282,15/07/25,17:00,10,9,8,K
51283,15/07/25,19:00,K,Q,J,9
51284,15/07/25,21:00,10,A,A,K
51285,16/07/25,09:00,K,10,Q,10
51286,16/07/25,11:00,8,J,J,10
51287,16/07/25,13:00,K,8,9,Q
51288,16/07/25,15:00,9,8,8,8
51289,16/07/25,17:00,A,Q,9,8
51290,16/07/25,19:00,8,10,10,10
51291,16/07/25,21:00,J,K,8,J
51292,17/07/25,09:00,9,7,8,K
51293,17/07/25,11:00,10,8,K,K
51294,17/07/25,13:00,10,Q,Q,8
51295,17/07/25,15:00,7,8,J,9
51296,17/07/25,17:00,9,8,8,8
51297,17/07/25,19:00,9,A,8,7
51298,17/07/25,21:00,8,J,A,7
51299,18/07/25,10:00,Q,A,9,9
51300,18/07/25,12:00,7,8,9,J
51301,18/07/25,14:00,Q,8,K,9
51302,19/07/25,21:30,7,Q,K,A
51303,19/07/25,23:30,7,K,J,K
51304,20/07/25,09:00,9,K,9,7
51305,20/07/25,11:00,10,K,10,7
51306,20/07/25,13:00,10,J,9,A
51307,20/07/25,15:00,J,A,10,7
51308,20/07/25,17:00,10,A,8,7
51309,20/07/25,19:00,8,A,J,10
51310,20/07/25,21:00,10,K,J,8
51311,21/07/25,09:00,10,7,A,K
51312,21/07/25,11:00,A,7,J,K
51313,21/07/25,13:00,8,A,Q,8
51314,21/07/25,15:00,A,K,10,7
51315,21/07/25,17:00,7,10,A,J
51316,21/07/25,19:00,10,7,J,K
51317,21/07/25,21:00,A,7,9,J
51318,22/07/25,09:00,8,Q,8,8
51319,22/07/25,11:00,A,9,K,K
51320,22/07/25,13:00,10,Q,8,7
51321,22/07/25,15:00,10,K,8,K
51322,22/07/25,17:00,10,Q,Q,10
51323,22/07/25,19:00,9,9,K,9
51324,22/07/25,21:00,J,A,K,9
51325,23/07/25,09:00,J,J,8,8
51326,23/07/25,11:00,A,A,J,A
51327,23/07/25,13:00,Q,K,Q,7
51328,23/07/25,15:00,10,7,A,8
51329,23/07/25,17:00,7,10,10,Q
51330,23/07/25,19:00,9,Q,8,9
51331,23/07/25,21:00,Q,8,A,Q
51332,24/07/25,09:00,7,J,7,K
51333,24/07/25,11:00,8,Q,10,Q
51334,24/07/25,13:00,J,A,K,9
51335,24/07/25,15:00,J,7,A,7
51336,24/07/25,17:00,7,J,J,A
51337,24/07/25,19:00,8,10,Q,8
51338,24/07/25,21:00,8,K,J,9
51339,25/07/25,10:00,Q,10,A,8
51340,25/07/25,12:00,9,J,9,A
51341,25/07/25,14:00,7,A,8,Q
51342,26/07/25,21:30,9,7,J,Q
51343,26/07/25,23:30,10,A,8,K
51344,27/07/25,09:00,A,Q,Q,K
51345,27/07/25,11:00,K,7,A,K
51346,27/07/25,13:00,Q,A,10,K
51347,27/07/25,15:00,8,9,9,8
51348,27/07/25,17:00,A,7,7,8
51349,27/07/25,19:00,A,7,8,10
51350,27/07/25,21:00,A,J,J,7
51351,28/07/25,09:00,K,8,8,8
51352,28/07/25,11:00,7,K,Q,K
51353,28/07/25,13:00,10,9,J,K
51354,28/07/25,15:00,7,A,Q,7
51355,28/07/25,17:00,Q,7,K,10
51356,28/07/25,19:00,A,J,J,K
51357,28/07/25,21:00,Q,10,K,J
51358,29/07/25,09:00,10,J,8,7
51359,29/07/25,11:00,8,Q,Q,7
51360,29/07/25,13:00,9,8,9,K
51361,29/07/25,15:00,Q,8,9,K
51362,29/07/25,17:00,K,Q,A,8
51363,29/07/25,19:00,8,10,A,K
51364,29/07/25,21:00,10,8,10,K
51365,30/07/25,09:00,10,Q,K,8
51366,30/07/25,11:00,9,9,A,9
51367,30/07/25,13:00,10,7,J,9
51368,30/07/25,15:00,Q,K,9,J
51369,30/07/25,17:00,7,J,K,K
51370,30/07/25,19:00,7,A,8,8
51371,30/07/25,21:00,A,J,9,8
51372,31/07/25,09:00,9,A,10,7
51373,31/07/25,11:00,9,8,A,Q
51374,31/07/25,13:00,10,Q,10,Q
51375,31/07/25,15:00,A,J,9,A
51376,31/07/25,17:00,K,J,10,7
51377,31/07/25,19:00,10,A,7,9
51378,31/07/25,21:00,A,9,Q,8
51379,01/08/25,10:00,J,K,10,7
51380,01/08/25,12:00,A,J,J,7
51381,01/08/25,14:00,A,J,K,Q
51382,03/08/25,09:00,7,8,J,K
51383,03/08/25,11:00,K,A,9,7
51384,03/08/25,13:00,9,Q,8,A
51385,03/08/25,15:00,7,A,8,Q
51386,03/08/25,17:00,A,7,A,K
51387,03/08/25,19:00,9,9,9,7
51388,03/08/25,21:00,7,K,8,10
51389,04/08/25,09:00,J,J,10,10
51390,04/08/25,11:00,9,9,J,10
51391,04/08/25,13:00,10,7,J,A
51392,04/08/25,15:00,10,Q,Q,J
51393,04/08/25,17:00,10,Q,A,J
51394,04/08/25,19:00,A,Q,9,9
51395,04/08/25,21:00,8,8,10,10
51396,05/08/25,09:00,8,7,J,Q
51397,05/08/25,11:00,7,J,J,10
51398,05/08/25,13:00,J,K,Q,9
51399,05/08/25,15:00,10,A,8,9
51400,05/08/25,17:00,10,10,A,7
51401,05/08/25,19:00,8,Q,10,9
51402,05/08/25,21:00,Q,7,J,10
51403,06/08/25,09:00,J,K,Q,10
51404,06/08/25,11:00,7,J,8,J
51405,06/08/25,13:00,9,J,8,9
51406,06/08/25,15:00,J,Q,10,7
51407,06/08/25,17:00,J,K,8,7
51408,06/08/25,19:00,J,10,10,7
51409,06/08/25,21:00,K,K,J,J
51410,07/08/25,09:00,A,8,9,10
51411,07/08/25,11:00,K,K,Q,9
51412,07/08/25,13:00,Q,Q,8,10
51413,07/08/25,15:00,J,8,10,J
51414,07/08/25,17:00,J,Q,10,Q
51415,07/08/25,19:00,10,A,Q,9
51416,07/08/25,21:00,10,10,10,Q
51417,08/08/25,10:00,J,8,9,K
51418,08/08/25,12:00,10,A,10,10
51419,08/08/25,14:00,A,J,A,7
51420,09/08/25,21:30,9,K,9,10
51421,09/08/25,23:30,7,10,10,9
51422,10/08/25,09:00,Q,9,9,10
51423,10/08/25,11:00,Q,Q,9,7
51424,10/08/25,13:00,J,10,J,10
51425,10/08/25,15:00,K,J,Q,8
51426,10/08/25,17:00,9,8,J,Q
51427,10/08/25,19:00,7,K,Q,8
51428,10/08/25,21:00,J,K,9,Q
51429,11/08/25,09:00,7,J,J,8
51430,11/08/25,11:00,A,7,10,Q
51431,11/08/25,13:00,8,8,Q,K
51432,11/08/25,15:00,Q,9,8,8
51433,11/08/25,17:00,10,10,Q,A
51434,11/08/25,19:00,A,8,K,J
51435,11/08/25,21:00,9,7,9,J
51436,12/08/25,09:00,A,A,9,Q
51437,12/08/25,11:00,8,A,K,7
51438,12/08/25,13:00,9,7,9,A
51439,12/08/25,15:00,9,10,7,8
51440,12/08/25,17:00,Q,A,9,7
51441,12/08/25,19:00,J,9,J,9
51442,12/08/25,21:00,9,10,7,A
51443,13/08/25,09:00,Q,7,10,8
51444,13/08/25,11:00,8,9,J,7
51445,13/08/25,13:00,A,A,9,A
51446,13/08/25,15:00,7,Q,10,10
51447,13/08/25,17:00,7,9,9,10
51448,13/08/25,19:00,A,K,9,9
51449,13/08/25,21:00,7,K,8,10
51450,14/08/25,09:00,9,Q,A,7
51451,14/08/25,11:00,9,10,K,7
51452,14/08/25,13:00,A,K,7,Q
51453,14/08/25,15:00,7,10,Q,9
51454,14/08/25,17:00,9,K,10,A
51455,14/08/25,19:00,J,A,Q,7
51456,14/08/25,21:00,10,8,K,10
51457,15/08/25,10:00,A,Q,J,7
51458,15/08/25,12:00,K,J,9,A
51459,15/08/25,14:00,9,A,9,9
51460,16/08/25,21:30,J,K,8,K
51461,16/08/25,23:30,J,8,9,7
51462,17/08/25,09:00,A,A,J,Q
51463,17/08/25,11:00,9,8,J,7
51464,17/08/25,13:00,J,K,10,8
51465,17/08/25,15:00,10,K,A,10
51466,17/08/25,17:00,10,J,K,Q
51467,17/08/25,19:00,10,K,J,A
51468,17/08/25,21:00,A,8,9,J
51469,18/08/25,09:00,9,9,K,10
51470,18/08/25,11:00,7,10,J,K
51471,18/08/25,13:00,J,8,10,J
51472,18/08/25,15:00,K,9,K,A
51473,18/08/25,17:00,8,10,J,A
51474,18/08/25,19:00,8,8,10,8
51475,18/08/25,21:00,A,9,7,J
51476,19/08/25,09:00,K,10,Q,A
51477,19/08/25,11:00,9,7,9,A
51478,19/08/25,13:00,7,8,10,Q
51479,19/08/25,15:00,K,9,A,7
51480,19/08/25,17:00,J,8,9,9
51481,19/08/25,19:00,K,J,J,J
51482,19/08/25,21:00,J,K,Q,J
51483,20/08/25,09:00,Q,9,8,9
51484,20/08/25,11:00,7,10,K,9
51485,20/08/25,13:00,K,K,K,A
51486,20/08/25,15:00,J,9,9,7
51487,20/08/25,17:00,Q,7,8,10
51488,20/08/25,19:00,K,K,J,8
51489,20/08/25,21:00,10,9,Q,9
51490,21/08/25,09:00,8,A,10,9
51491,21/08/25,11:00,J,8,A,K
51492,21/08/25,13:00,Q,Q,Q,A
51493,21/08/25,15:00,10,10,Q,J
51494,21/08/25,17:00,A,K,Q,K
51495,21/08/25,19:00,9,K,9,7
51496,21/08/25,21:00,9,8,A,K
51497,22/08/25,10:00,A,8,J,7
51498,22/08/25,12:00,10,K,J,9
51499,22/08/25,14:00,7,10,A,K
51500,23/08/25,21:30,K,9,10,Q
51501,23/08/25,23:30,10,Q,9,Q
51502,24/08/25,09:00,9,9,J,J
51503,24/08/25,11:00,10,K,7,J
51504,24/08/25,13:00,J,A,7,Q
51505,24/08/25,15:00,J,9,10,7
51506,24/08/25,17:00,A,9,Q,Q
51507,24/08/25,19:00,7,Q,Q,J
51508,24/08/25,21:00,Q,8,7,A
51509,25/08/25,09:00,A,J,Q,7
51510,25/08/25,11:00,9,7,10,7
51511,25/08/25,13:00,J,7,Q,10
51512,25/08/25,15:00,J,J,J,J
51513,25/08/25,17:00,9,7,A,J
51514,25/08/25,19:00,10,Q,8,9
51515,25/08/25,21:00,Q,Q,7,A
51516,26/08/25,09:00,A,7,9,J
51517,26/08/25,11:00,A,9,Q,A
51518,26/08/25,13:00,8,J,7,8
51519,26/08/25,15:00,7,A,9,8
51520,26/08/25,17:00,8,A,10,7
51521,26/08/25,19:00,10,Q,7,8
51522,26/08/25,21:00,9,Q,J,K
51523,27/08/25,09:00,A,7,K,8
51524,27/08/25,11:00,Q,Q,7,J
51525,27/08/25,13:00,Q,10,7,10
51526,27/08/25,15:00,8,8,J,J
51527,27/08/25,17:00,9,A,8,7
51528,27/08/25,19:00,Q,8,7,7
51529,27/08/25,21:00,8,A,J,8
51530,28/08/25,09:00,9,J,A,J
51531,28/08/25,11:00,K,A,9,J
51532,28/08/25,13:00,J,J,9,J
51533,28/08/25,15:00,J,J,K,K
51534,28/08/25,17:00,A,10,10,7
51535,28/08/25,19:00,9,9,Q,Q
51536,28/08/25,21:00,J,10,8,K
51537,29/08/25,10:00,J,J,10,K
51538,29/08/25,12:00,K,K,9,A
51539,29/08/25,14:00,10,Q,K,Q
51540,30/08/25,21:30,K,K,K,Q
51541,30/08/25,23:30,J,9,8,10
51542,31/08/25,09:00,J,7,10,J
51543,31/08/25,11:00,10,7,A,Q
51544,31/08/25,13:00,7,10,8,A
51545,31/08/25,15:00,9,A,7,K
51546,31/08/25,17:00,7,A,10,J
51547,31/08/25,19:00,10,K,A,7
51548,31/08/25,21:00,7,J,7,A
51549,01/09/25,09:00,8,9,9,Q
51550,01/09/25,11:00,J,A,10,J
51551,01/09/25,13:00,K,10,9,8
51552,01/09/25,15:00,7,J,7,7
51553,01/09/25,17:00,K,K,Q,A
51554,01/09/25,19:00,J,Q,8,9
51555,01/09/25,21:00,K,10,7,J
51556,02/09/25,09:00,7,K,Q,K
51557,02/09/25,11:00,9,8,7,A
51558,02/09/25,13:00,Q,7,J,J
51559,02/09/25,15:00,K,A,8,Q
51560,02/09/25,17:00,Q,10,Q,8
51561,02/09/25,19:00,A,J,J,K
51562,02/09/25,21:00,7,A,10,10
51563,03/09/25,09:00,K,9,A,A
51564,03/09/25,11:00,A,Q,J,Q
51565,03/09/25,13:00,A,K,A,J
51566,03/09/25,15:00,8,8,7,K
51567,03/09/25,17:00,J,10,8,9
51568,03/09/25,19:00,Q,Q,A,7
51569,03/09/25,21:00,8,Q,7,Q
51570,04/09/25,09:00,J,J,9,10
51571,04/09/25,11:00,K,Q,K,9
51572,04/09/25,13:00,8,9,J,7
51573,04/09/25,15:00,A,J,10,9
51574,04/09/25,17:00,10,8,7,J
51575,04/09/25,19:00,Q,9,8,7
51576,04/09/25,21:00,J,10,A,10
51577,05/09/25,10:00,Q,9,J,J
51578,05/09/25,12:00,9,K,Q,A
51579,05/09/25,14:00,A,J,Q,10
51580,06/09/25,21:30,7,10,K,7
51581,06/09/25,23:30,10,8,8,7
51582,07/09/25,09:00,A,K,A,K
51583,07/09/25,11:00,10,8,J,J
51584,07/09/25,13:00,A,A,J,A
51585,07/09/25,15:00,7,10,K,J
51586,07/09/25,17:00,J,K,J,8
51587,07/09/25,19:00,10,10,9,J
51588,07/09/25,21:00,7,A,8,9
51589,08/09/25,09:00,10,10,J,Q
51590,08/09/25,11:00,7,K,10,K
51591,08/09/25,13:00,9,Q,A,9
51592,08/09/25,15:00,8,J,9,8
51593,08/09/25,17:00,7,Q,J,7
51594,08/09/25,19:00,K,A,7,K
51595,08/09/25,21:00,J,Q,A,8
51596,09/09/25,09:00,10,7,K,9
51597,09/09/25,11:00,8,K,A,7
51598,09/09/25,13:00,9,9,8,J
51599,09/09/25,15:00,J,J,8,7
51600,09/09/25,17:00,Q,7,9,7
51601,09/09/25,19:00,9,A,9,K
51602,09/09/25,21:00,9,Q,10,7
51603,10/09/25,09:00,K,J,9,8
51604,10/09/25,11:00,K,7,A,10
51605,10/09/25,13:00,K,10,8,10
51606,10/09/25,15:00,A,A,J,10
51607,10/09/25,17:00,9,Q,K,A
51608,10/09/25,19:00,Q,Q,9,8
51609,10/09/25,21:00,8,A,9,Q
51610,11/09/25,09:00,9,K,K,J
51611,11/09/25,11:00,9,J,7,K
51612,11/09/25,13:00,9,7,9,A
51613,11/09/25,15:00,J,10,7,Q
51614,11/09/25,17:00,K,7,J,9
51615,11/09/25,19:00,9,J,9,10
51616,11/09/25,21:00,7,9,A,Q
51617,12/09/25,10:00,8,K,K,7
51618,12/09/25,12:00,7,K,10,K
51619,12/09/25,14:00,A,Q,10,K
51620,13/09/25,21:30,Q,K,K,A
51621,13/09/25,23:30,A,K,9,7
51622,14/09/25,09:00,7,10,8,10
51623,14/09/25,11:00,8,K,Q,9
51624,14/09/25,13:00,A,A,A,J
51625,14/09/25,15:00,Q,8,7,9
51626,14/09/25,17:00,9,10,J,8
51627,14/09/25,19:00,10,A,Q,7
51628,14/09/25,21:00,J,Q,10,10
51629,15/09/25,09:00,8,J,A,9
51630,15/09/25,11:00,J,A,9,K
51631,15/09/25,13:00,A,7,7,K
51632,15/09/25,15:00,A,9,A,Q
51633,15/09/25,17:00,Q,A,Q,A
51634,15/09/25,19:00,10,8,9,A
51635,15/09/25,21:00,Q,8,10,8
51636,16/09/25,09:00,J,7,9,9
51637,16/09/25,11:00,A,9,Q,K
51638,16/09/25,13:00,7,9,Q,10
51639,16/09/25,15:00,9,10,K,Q
51640,16/09/25,17:00,Q,K,9,K
51641,16/09/25,19:00,9,7,7,Q
51642,16/09/25,21:00,7,K,9,8
51643,17/09/25,09:00,7,8,Q,7
51644,17/09/25,11:00,10,9,10,K
51645,17/09/25,13:00,8,A,7,9
51646,17/09/25,15:00,7,Q,K,Q
51647,17/09/25,17:00,8,10,J,7
51648,17/09/25,19:00,A,8,8,7
51649,17/09/25,21:00,K,7,7,9
51650,18/09/25,09:00,A,9,Q,K
51651,18/09/25,11:00,Q,8,10,8
51652,18/09/25,13:00,8,9,J,8
51653,18/09/25,15:00,A,7,10,K
51654,18/09/25,17:00,J,A,8,8
51655,18/09/25,19:00,K,8,A,9
51656,18/09/25,21:00,A,8,7,J
51657,19/09/25,10:00,Q,9,9,A
51658,19/09/25,12:00,7,Q,10,7
51659,19/09/25,14:00,A,10,7,A
51660,20/09/25,21:30,J,J,10,A
51661,20/09/25,23:30,Q,K,Q,J
51662,21/09/25,09:00,Q,Q,9,9
51663,21/09/25,11:00,7,A,A,8
51664,21/09/25,13:00,7,10,8,Q
51665,21/09/25,15:00,8,J,9,9
51666,21/09/25,17:00,J,Q,7,Q
51667,21/09/25,19:00,10,J,K,J
51668,21/09/25,21:00,A,10,A,Q
51669,22/09/25,09:00,8,J,10,10
51670,22/09/25,11:00,J,Q,7,J
51671,22/09/25,13:00,A,7,K,A
51672,24/09/25,21:30,K,J,K,J
51673,25/09/25,09:00,J,Q,A,Q
51674,25/09/25,11:00,8,J,K,10
51675,25/09/25,13:00,J,9,9,A
51676,25/09/25,15:00,A,10,10,K
51677,25/09/25,17:00,J,10,A,7
51678,25/09/25,19:00,8,8,J,10
51679,25/09/25,21:00,J,8,A,Q
51680,26/09/25,10:00,J,K,J,Q
51681,26/09/25,12:00,7,9,8,K
51682,26/09/25,14:00,K,Q,10,8
51683,27/09/25,21:30,J,K,8,K
51684,27/09/25,23:30,A,9,A,A
51685,28/09/25,09:00,9,Q,7,7
51686,28/09/25,11:00,10,10,A,8
51687,28/09/25,13:00,Q,10,Q,8
51688,28/09/25,15:00,Q,K,10,Q
51689,28/09/25,17:00,8,J,9,K
51690,28/09/25,19:00,7,K,10,7
51691,28/09/25,21:00,8,10,7,10
51692,29/09/25,09:00,J,10,K,A
51693,29/09/25,11:00,8,9,J,9
51694,29/09/25,13:00,9,J,9,K
51695,29/09/25,15:00,A,A,J,Q
51696,29/09/25,17:00,J,K,10,8
51697,29/09/25,19:00,9,Q,9,10
51698,29/09/25,21:00,8,10,7,K
51699,30/09/25,09:00,K,10,8,9
51700,30/09/25,11:00,9,7,9,J
51701,30/09/25,13:00,8,10,J,Q
51702,30/09/25,15:00,9,10,7,K
51703,30/09/25,17:00,K,J,10,A
51704,30/09/25,19:00,K,7,J,K
51705,30/09/25,21:00,J,7,8,Q
51706,01/10/25,09:00,10,Q,J,7
51707,01/10/25,11:00,K,9,J,7
51708,01/10/25,13:00,Q,J,Q,Q
51709,02/10/25,21:30,A,A,8,A
51710,03/10/25,10:00,10,Q,8,9
51711,03/10/25,12:00,7,9,A,A
51712,03/10/25,14:00,K,J,9,8
51713,04/10/25,21:30,10,J,A,K
51714,04/10/25,23:30,7,J,K,J
51715,05/10/25,09:00,A,9,K,Q
51716,05/10/25,11:00,J,10,9,9
51717,05/10/25,13:00,10,K,10,7
51718,05/10/25,15:00,A,9,7,J
51719,05/10/25,17:00,K,8,J,J
51720,05/10/25,19:00,7,A,8,10
51721,05/10/25,21:00,A,9,8,A
51722,06/10/25,09:00,8,7,9,K
51723,06/10/25,11:00,9,9,8,A
51724,06/10/25,13:00,Q,J,10,Q
51725,07/10/25,21:30,J,A,J,K
51726,08/10/25,09:00,10,K,9,K
51727,08/10/25,11:00,K,Q,9,7
51728,08/10/25,13:00,Q,A,Q,J
51729,08/10/25,15:00,K,Q,7,A
51730,08/10/25,17:00,10,8,10,9
51731,08/10/25,19:00,Q,9,9,Q
51732,08/10/25,21:00,9,K,7,8
51733,09/10/25,09:00,K,10,J,7
51734,09/10/25,11:00,9,K,Q,Q
51735,09/10/25,13:00,7,J,A,J
51736,09/10/25,15:00,9,7,7,K
51737,09/10/25,17:00,J,Q,K,Q
51738,09/10/25,19:00,9,A,K,K
51739,09/10/25,21:00,J,9,9,7
51740,10/10/25,10:00,Q,9,A,J
51741,10/10/25,12:00,Q,Q,10,7
51742,10/10/25,14:00,7,J,10,A
51743,11/10/25,21:30,8,A,A,K
51744,11/10/25,23:30,K,8,A,K
51745,12/10/25,09:00,10,7,8,7
51746,12/10/25,11:00,K,8,A,10
51747,12/10/25,13:00,9,7,J,A
51748,12/10/25,15:00,8,K,8,9
51749,12/10/25,17:00,10,K,9,J
51750,12/10/25,19:00,J,J,Q,A
51751,12/10/25,21:00,8,7,J,A
51752,13/10/25,09:00,7,J,8,A
51753,13/10/25,11:00,Q,8,Q,10
51754,13/10/25,13:00,Q,8,8,Q
51755,14/10/25,21:30,K,7,9,7
51756,15/10/25,09:00,7,9,8,J
51757,15/10/25,11:00,K,7,8,9
51758,15/10/25,13:00,J,A,J,K
51759,15/10/25,15:00,10,J,A,A
51760,15/10/25,17:00,7,K,8,7
51761,15/10/25,19:00,A,K,9,7
51762,15/10/25,21:00,10,10,8,A
51763,16/10/25,09:00,8,9,9,J
51764,16/10/25,11:00,7,J,K,Q
51765,16/10/25,13:00,J,A,8,10
51766,16/10/25,15:00,A,A,10,9
51767,16/10/25,17:00,10,8,10,8
51768,16/10/25,19:00,J,Q,9,9
51769,16/10/25,21:00,Q,J,10,J
51770,17/10/25,10:00,10,9,7,J
51771,17/10/25,12:00,9,J,Q,9
51772,17/10/25,14:00,7,10,K,8
51773,18/10/25,21:30,J,8,10,10
51774,18/10/25,23:30,7,Q,J,K
51775,19/10/25,09:00,K,A,8,A
51776,19/10/25,11:00,10,Q,7,10
51777,19/10/25,13:00,A,Q,J,J
51778,19/10/25,15:00,K,10,10,8
51779,19/10/25,17:00,A,10,A,7
51780,19/10/25,19:00,7,A,K,Q
51781,19/10/25,21:00,J,10,10,7
51782,20/10/25,09:00,K,9,A,10
51783,20/10/25,11:00,J,J,A,A
51784,20/10/25,13:00,A,9,J,A
51785,20/10/25,15:00,8,Q,10,A
51786,20/10/25,17:00,A,7,10,8
51787,20/10/25,19:00,J,J,9,A
51788,20/10/25,21:00,10,9,J,A
51789,21/10/25,09:00,Q,A,7,K
51790,21/10/25,11:00,7,8,K,K
51791,21/10/25,13:00,8,7,10,J
51792,21/10/25,15:00,J,10,K,9
51793,21/10/25,17:00,10,J,9,A
51794,21/10/25,19:00,A,9,7,Q
51795,21/10/25,21:00,J,9,8,A
51796,22/10/25,09:00,A,7,10,7
51797,22/10/25,11:00,7,8,10,9
51798,22/10/25,13:00,7,K,9,10
51799,22/10/25,15:00,9,9,Q,Q
51800,22/10/25,17:00,K,Q,9,9
51801,22/10/25,19:00,Q,A,A,A
51802,22/10/25,21:00,9,Q,9,A
51803,23/10/25,09:00,K,K,K,7
51804,23/10/25,11:00,7,A,9,A
51805,23/10/25,13:00,A,7,Q,9
51806,23/10/25,15:00,Q,7,A,J
51807,23/10/25,17:00,10,7,8,7
51808,23/10/25,19:00,J,A,K,A
51809,23/10/25,21:00,Q,K,7,7
51810,24/10/25,10:00,8,9,Q,7
51811,24/10/25,12:00,7,7,A,10
51812,24/10/25,14:00,7,8,10,7
51813,25/10/25,21:30,A,Q,8,Q
51814,25/10/25,23:30,8,Q,A,J
51815,26/10/25,09:00,J,J,8,A
51816,26/10/25,11:00,8,K,8,10
51817,26/10/25,13:00,K,K,Q,9
51818,26/10/25,15:00,9,K,9,A
51819,26/10/25,17:00,A,J,10,8
51820,26/10/25,19:00,9,K,10,K
51821,26/10/25,21:00,A,9,A,J
51822,27/10/25,09:00,7,9,A,9
51823,27/10/25,11:00,J,8,Q,9
51824,27/10/25,13:00,7,J,10,A
51825,27/10/25,15:00,8,9,Q,Q
51826,27/10/25,17:00,7,A,Q,7
51827,27/10/25,19:00,K,A,K,K
51828,27/10/25,21:00,10,7,J,K
51829,28/10/25,09:00,J,9,10,J
51830,28/10/25,11:00,9,10,8,7
51831,28/10/25,13:00,Q,8,Q,J
51832,28/10/25,15:00,10,Q,8,9
51833,28/10/25,17:00,A,7,A,Q
51834,28/10/25,19:00,8,8,8,8
51835,28/10/25,21:00,A,8,Q,8
51836,29/10/25,09:00,A,J,K,Q
51837,29/10/25,11:00,9,7,9,9
51838,29/10/25,13:00,8,A,Q,K
51839,29/10/25,15:00,J,A,A,8
51840,29/10/25,17:00,10,9,K,10
51841,29/10/25,19:00,K,10,10,7
51842,29/10/25,21:00,9,K,9,9
51843,30/10/25,09:00,10,10,7,10
51844,30/10/25,11:00,7,8,A,7
51845,30/10/25,13:00,7,Q,7,K
51846,30/10/25,15:00,8,A,8,9
51847,30/10/25,17:00,K,9,7,7
51848,30/10/25,19:00,J,A,Q,K
51849,30/10/25,21:00,Q,A,A,10
51850,31/10/25,10:00,10,K,9,A
51851,31/10/25,12:00,J,A,7,A
51852,31/10/25,14:00,8,K,7,J
51853,01/11/25,21:30,A,8,A,Q
51854,01/11/25,23:30,7,A,8,7
51855,02/11/25,09:00,10,J,Q,Q
51856,02/11/25,11:00,A,A,K,7
51857,02/11/25,13:00,8,8,10,9
51858,02/11/25,15:00,A,A,J,Q
51859,02/11/25,17:00,10,A,8,7
51860,02/11/25,19:00,J,Q,A,8
51861,02/11/25,21:00,9,8,A,9
51862,03/11/25,09:00,Q,8,J,J
51863,03/11/25,11:00,10,Q,Q,9
51864,03/11/25,13:00,Q,8,10,J
51865,03/11/25,15:00,K,Q,8,J
51866,03/11/25,17:00,8,J,10,Q
51867,03/11/25,19:00,A,8,A,10
51868,03/11/25,21:00,8,J,Q,J
51869,04/11/25,09:00,K,7,A,8
51870,04/11/25,11:00,10,K,7,J
51871,04/11/25,13:00,Q,10,Q,10
51872,04/11/25,15:00,9,8,J,9
51873,04/11/25,17:00,10,9,10,7
51874,04/11/25,19:00,10,Q,10,A
51875,04/11/25,21:00,J,Q,10,9
51876,05/11/25,09:00,10,9,8,7
51877,05/11/25,11:00,K,8,9,7
51878,05/11/25,13:00,K,8,8,10
51879,05/11/25,15:00,Q,8,10,K
51880,05/11/25,17:00,10,A,K,7
51881,05/11/25,19:00,9,9,Q,8
51882,05/11/25,21:00,A,A,9,A
51883,06/11/25,09:00,Q,8,J,K
51884,06/11/25,11:00,J,10,9,7
51885,06/11/25,13:00,A,J,10,Q
51886,06/11/25,15:00,7,J,8,8
51887,06/11/25,17:00,8,A,7,7
51888,06/11/25,19:00,K,K,8,7
51889,06/11/25,21:00,8,A,8,J
51890,07/11/25,10:00,A,J,J,10
51891,07/11/25,12:00,8,A,J,Q
51892,07/11/25,14:00,8,A,10,K
51893,08/11/25,21:30,J,A,Q,9
51894,08/11/25,23:30,K,8,K,K
51895,09/11/25,09:00,8,10,A,10
51896,09/11/25,11:00,K,7,10,A
51897,09/11/25,13:00,Q,7,7,10
51898,09/11/25,15:00,J,8,8,A
51899,09/11/25,17:00,J,J,9,K
51900,09/11/25,19:00,J,10,7,K
51901,09/11/25,21:00,J,Q,A,K
51902,10/11/25,09:00,8,9,10,A
51903,10/11/25,11:00,Q,Q,A,7
51904,10/11/25,13:00,K,K,7,8
51905,10/11/25,15:00,10,K,7,7
51906,10/11/25,17:00,9,J,10,9
51907,10/11/25,19:00,8,10,10,Q
51908,10/11/25,21:00,J,J,9,K
51909,11/11/25,09:00,J,J,A,K
51910,11/11/25,11:00,A,K,8,7
51911,11/11/25,13:00,K,7,7,K
51912,11/11/25,15:00,10,Q,7,J
51913,11/11/25,17:00,10,9,7,Q
51914,11/11/25,19:00,A,10,10,10
51915,11/11/25,21:00,K,Q,J,A
51916,12/11/25,09:00,9,10,A,K
51917,12/11/25,11:00,8,Q,Q,9
51918,12/11/25,13:00,10,A,Q,J
51919,12/11/25,15:00,Q,Q,A,J
51920,12/11/25,17:00,A,9,7,9
51921,12/11/25,19:00,K,A,7,10
51922,12/11/25,21:00,A,10,A,10
51923,13/11/25,09:00,A,K,8,7
51924,13/11/25,11:00,8,Q,Q,9
51925,13/11/25,13:00,7,8,10,7
51926,13/11/25,15:00,Q,10,10,Q
51927,13/11/25,17:00,K,10,7,7
51928,13/11/25,19:00,K,9,A,Q
51929,13/11/25,21:00,9,J,8,A
51930,14/11/25,10:00,9,7,7,9
51931,14/11/25,12:00,10,J,7,7
51932,14/11/25,14:00,10,8,A,K
51933,15/11/25,21:30,10,K,10,10
51934,15/11/25,23:30,A,K,A,A
51935,16/11/25,09:00,A,K,9,J
51936,16/11/25,11:00,9,Q,7,10
51937,16/11/25,13:00,J,J,K,9
51938,16/11/25,15:00,10,8,9,9
51939,16/11/25,17:00,10,7,K,K
51940,16/11/25,19:00,K,10,9,K
51941,16/11/25,21:00,J,K,9,Q
51942,17/11/25,09:00,A,9,J,K
51943,17/11/25,11:00,10,K,A,K
51944,17/11/25,13:00,8,A,K,A
51945,17/11/25,15:00,J,J,7,7
51946,17/11/25,17:00,A,A,7,A
51947,17/11/25,19:00,A,J,8,8
51948,17/11/25,21:00,10,9,J,K
51949,18/11/25,09:00,8,8,Q,K
51950,18/11/25,11:00,9,10,7,10
51951,18/11/25,13:00,J,9,8,Q
51952,18/11/25,15:00,9,J,8,8
51953,18/11/25,17:00,Q,8,10,8
51954,18/11/25,19:00,A,8,J,10
51955,18/11/25,21:00,10,10,Q,8
51956,19/11/25,09:00,A,J,Q,7
51957,19/11/25,11:00,Q,7,J,8
51958,19/11/25,13:00,A,A,7,8
51959,19/11/25,15:00,8,Q,7,A
51960,19/11/25,17:00,7,Q,Q,Q
51961,19/11/25,19:00,7,10,K,8
51962,19/11/25,21:00,9,10,A,J
51963,20/11/25,09:00,9,8,8,9
51964,20/11/25,11:00,K,8,A,8
51965,20/11/25,13:00,8,A,J,A
51966,20/11/25,15:00,10,7,K,A
51967,20/11/25,17:00,K,Q,10,K
51968,20/11/25,19:00,9,8,9,J
51969,20/11/25,21:00,7,K,Q,8
51970,21/11/25,10:00,9,8,9,A
51971,21/11/25,12:00,10,A,K,K
51972,21/11/25,14:00,A,9,Q,8
51973,22/11/25,21:30,J,J,9,10
51974,22/11/25,23:30,9,A,J,K
51975,23/11/25,09:00,Q,9,7,J
51976,23/11/25,11:00,K,10,7,K
51977,23/11/25,13:00,K,7,9,A
51978,23/11/25,15:00,J,9,Q,A
51979,23/11/25,17:00,10,10,10,Q
51980,23/11/25,19:00,J,A,10,10
51981,23/11/25,21:00,K,9,A,K
51982,24/11/25,09:00,J,J,7,J
51983,24/11/25,11:00,7,10,9,7
51984,24/11/25,13:00,Q,9,K,J
51985,24/11/25,15:00,10,J,9,A
51986,24/11/25,17:00,7,9,Q,9
51987,24/11/25,19:00,Q,8,7,7
51988,24/11/25,21:00,J,Q,K,Q
51989,25/11/25,09:00,7,K,10,A
51990,25/11/25,11:00,9,A,J,10
51991,25/11/25,13:00,10,8,9,Q
51992,25/11/25,15:00,J,9,9,9
51993,25/11/25,17:00,Q,J,9,J
51994,25/11/25,19:00,A,A,K,9
51995,25/11/25,21:00,K,10,10,K
51996,26/11/25,09:00,Q,10,7,Q
51997,26/11/25,11:00,9,9,7,K
51998,26/11/25,13:00,9,A,K,7
51999,26/11/25,15:00,9,8,Q,J
52000,26/11/25,17:00,Q,K,7,J
52001,26/11/25,19:00,7,9,8,9
52002,26/11/25,21:00,J,10,8,9
52003,27/11/25,09:00,J,A,10,Q
52004,27/11/25,11:00,9,A,K,10
52005,27/11/25,13:00,10,7,10,K
52006,27/11/25,15:00,8,7,10,K
52007,27/11/25,17:00,J,K,K,9
52008,27/11/25,19:00,7,Q,8,9
52009,27/11/25,21:00,Q,9,9,8
52010,28/11/25,10:00,A,10,K,K
52011,28/11/25,12:00,Q,10,K,Q
52012,28/11/25,14:00,Q,8,A,10
52013,29/11/25,21:30,7,8,7,J
52014,29/11/25,23:30,A,8,K,K
52015,30/11/25,09:00,A,9,A,7
52016,30/11/25,11:00,K,J,10,10
52017,30/11/25,13:00,9,9,A,J
52018,30/11/25,15:00,8,Q,A,8
52019,30/11/25,17:00,9,9,K,9
52020,30/11/25,19:00,Q,9,9,K
52021,30/11/25,21:00,7,Q,Q,7
52022,01/12/25,09:00,J,A,7,K
52023,01/12/25,11:00,J,8,7,A
52024,01/12/25,13:00,A,7,J,9
52025,01/12/25,15:00,9,J,8,A
52026,01/12/25,17:00,7,10,K,K
52027,01/12/25,19:00,7,J,K,Q
52028,01/12/25,21:00,A,10,8,7
52029,02/12/25,09:00,7,8,7,9
52030,02/12/25,11:00,A,Q,K,J
52031,02/12/25,13:00,8,J,10,8
52032,02/12/25,15:00,7,10,Q,J
52033,02/12/25,17:00,8,10,A,10
52034,02/12/25,19:00,Q,K,7,Q
52035,02/12/25,21:00,9,K,10,Q
52036,03/12/25,09:00,8,A,7,K
52037,03/12/25,11:00,7,K,J,7
52038,03/12/25,13:00,K,10,8,8
52039,03/12/25,15:00,A,Q,10,7
52040,03/12/25,17:00,9,8,A,Q
52041,03/12/25,19:00,9,A,K,7
52042,03/12/25,21:00,7,7,J,Q
52043,04/12/25,09:00,Q,K,9,J
52044,04/12/25,11:00,K,9,10,K
52045,04/12/25,13:00,8,J,Q,J
52046,04/12/25,15:00,8,J,7,A
52047,04/12/25,17:00,10,10,K,7
52048,04/12/25,19:00,7,9,K,Q
52049,04/12/25,21:00,10,8,J,J
52050,05/12/25,10:00,7,J,K,Q
52051,05/12/25,12:00,K,10,A,9
52052,05/12/25,14:00,8,8,8,Q
52053,06/12/25,21:30,A,J,8,Q
52054,06/12/25,23:30,8,A,J,8
52055,07/12/25,09:00,K,10,9,K
52056,07/12/25,11:00,J,A,Q,10
52057,07/12/25,13:00,9,9,J,Q
52058,07/12/25,15:00,J,10,A,K
52059,07/12/25,17:00,A,J,7,Q
52060,07/12/25,19:00,8,J,10,K
52061,07/12/25,21:00,Q,Q,9,8
52062,08/12/25,09:00,J,J,9,8
52063,08/12/25,11:00,Q,A,10,K
52064,08/12/25,13:00,10,K,Q,8
52065,08/12/25,15:00,10,K,A,10
52066,08/12/25,17:00,8,10,A,A
52067,08/12/25,19:00,10,K,J,Q
52068,08/12/25,21:00,Q,A,10,9
52069,09/12/25,09:00,8,9,10,7
52070,09/12/25,11:00,7,A,9,8
52071,09/12/25,13:00,9,8,8,A
52072,09/12/25,15:00,Q,Q,K,K
52073,09/12/25,17:00,Q,10,J,K
52074,09/12/25,19:00,7,9,10,7
52075,09/12/25,21:00,A,10,K,J
52076,10/12/25,09:00,J,9,8,10
52077,10/12/25,11:00,7,K,K,10
52078,10/12/25,13:00,Q,J,K,Q
52079,10/12/25,15:00,10,7,7,10
52080,10/12/25,17:00,K,7,9,8
52081,10/12/25,19:00,9,A,Q,10
52082,10/12/25,21:00,A,Q,10,A
52083,11/12/25,09:00,K,9,10,9
52084,11/12/25,11:00,A,10,J,10
52085,11/12/25,13:00,10,9,9,J
52086,11/12/25,15:00,9,J,8,Q
52087,11/12/25,17:00,Q,9,9,A
52088,11/12/25,19:00,Q,Q,J,K
52089,11/12/25,21:00,K,9,8,7
52090,12/12/25,10:00,A,8,A,A
52091,12/12/25,12:00,9,9,J,7
52092,12/12/25,14:00,J,K,Q,7
52093,13/12/25,21:30,Q,7,10,10
52094,13/12/25,23:30,7,Q,K,10
52095,14/12/25,09:00,10,K,Q,8
52096,14/12/25,11:00,7,9,K,9
52097,14/12/25,13:00,Q,8,8,10
52098,14/12/25,15:00,7,10,K,K
52099,14/12/25,17:00,7,K,A,9
52100,14/12/25,19:00,10,9,A,10
52101,14/12/25,21:00,10,A,A,7
52102,15/12/25,09:00,A,K,A,8
52103,15/12/25,11:00,Q,10,10,Q
52104,15/12/25,13:00,7,10,8,Q
52105,15/12/25,15:00,8,J,10,K
52106,15/12/25,17:00,10,K,8,9
52107,15/12/25,19:00,A,10,K,K
52108,15/12/25,21:00,J,A,K,7
52109,16/12/25,09:00,8,K,10,9
52110,16/12/25,11:00,10,J,9,9
52111,16/12/25,13:00,7,10,8,J
52112,16/12/25,15:00,K,7,K,10
52113,16/12/25,17:00,A,7,7,Q
52114,16/12/25,19:00,9,A,8,J
52115,16/12/25,21:00,J,K,A,10
52116,17/12/25,09:00,8,9,K,7
52117,17/12/25,11:00,J,9,A,7
52118,17/12/25,13:00,9,A,8,8
52119,17/12/25,15:00,Q,A,A,J
52120,17/12/25,17:00,8,7,9,A
52121,17/12/25,19:00,A,A,10,A
52122,17/12/25,21:00,K,J,10,8
52123,18/12/25,09:00,A,A,K,7
52124,18/12/25,11:00,8,A,9,Q
52125,18/12/25,13:00,9,Q,K,7
52126,18/12/25,15:00,K,Q,A,Q
52127,18/12/25,17:00,K,J,A,10
52128,18/12/25,19:00,8,J,10,K
52129,18/12/25,21:00,7,9,Q,8
52130,19/12/25,10:00,9,A,10,10
52131,19/12/25,12:00,K,9,7,7
52132,19/12/25,14:00,A,9,A,Q
52133,20/12/25,21:30,8,K,8,9
52134,20/12/25,23:30,J,A,9,A
52135,21/12/25,09:00,7,8,A,A
52136,21/12/25,11:00,9,K,9,J
52137,21/12/25,13:00,8,A,10,10
52138,21/12/25,15:00,9,Q,Q,A
52139,21/12/25,17:00,A,7,A,A
52140,21/12/25,19:00,K,9,Q,K
52141,21/12/25,21:00,Q,J,7,7
52142,22/12/25,09:00,8,K,10,7
52143,22/12/25,11:00,J,A,10,A
52144,22/12/25,13:00,8,J,J,A
52145,22/12/25,15:00,A,J,8,10
52146,22/12/25,17:00,7,J,10,10
52147,22/12/25,19:00,10,7,9,10
52148,22/12/25,21:00,10,10,J,10
52149,23/12/25,09:00,A,7,A,7
52150,23/12/25,11:00,10,10,7,10
52151,23/12/25,13:00,7,9,K,K
52152,23/12/25,15:00,8,8,J,J
52153,23/12/25,17:00,A,8,9,9
52154,23/12/25,19:00,8,K,7,10
52155,23/12/25,21:00,A,7,10,J
52156,24/12/25,09:00,K,A,A,Q
52157,24/12/25,11:00,10,J,K,7
52158,24/12/25,13:00,8,A,7,9
52159,24/12/25,15:00,J,A,9,Q
52160,24/12/25,17:00,Q,8,9,Q
52161,24/12/25,19:00,7,10,A,10
52162,24/12/25,21:00,7,Q,K,8
52163,25/12/25,09:00,7,J,J,10
52164,25/12/25,11:00,10,A,K,10
52165,25/12/25,13:00,J,9,A,9
52166,25/12/25,15:00,9,K,8,10
52167,25/12/25,17:00,J,K,Q,K
52168,25/12/25,19:00,10,A,K,J
52169,25/12/25,21:00,8,10,A,A
52170,26/12/25,10:00,7,8,J,8
52171,26/12/25,12:00,J,A,A,8
52172,26/12/25,14:00,Q,Q,8,7
52173,27/12/25,21:30,8,Q,Q,A
52174,27/12/25,23:30,A,A,A,A
52175,28/12/25,09:00,J,Q,A,10
52176,28/12/25,11:00,8,9,10,9
52177,28/12/25,13:00,Q,A,K,7
52178,28/12/25,15:00,K,7,Q,9
52179,28/12/25,17:00,J,K,A,K
52180,28/12/25,19:00,7,8,K,9
52181,28/12/25,21:00,10,A,7,K
52182,29/12/25,09:00,A,J,9,7
52183,29/12/25,11:00,7,Q,K,A
52184,29/12/25,13:00,J,K,Q,Q
52185,29/12/25,15:00,J,8,Q,J
52186,29/12/25,17:00,A,J,A,8
52187,29/12/25,19:00,Q,Q,7,A
52188,29/12/25,21:00,9,A,J,8
52189,30/12/25,09:00,J,7,Q,8
52190,30/12/25,11:00,8,7,K,7
52191,30/12/25,13:00,7,J,10,9
52192,30/12/25,15:00,8,7,Q,J
52193,30/12/25,17:00,10,9,K,Q
52194,30/12/25,19:00,9,Q,J,K
52195,30/12/25,21:00,K,10,K,J
52196,31/12/25,09:00,Q,9,J,10
52197,31/12/25,11:00,K,K,9,Q
52198,31/12/25,13:00,10,J,10,K
52199,31/12/25,15:00,K,K,K,A
52200,31/12/25,17:00,8,Q,K,Q
52201,31/12/25,19:00,J,J,J,8
52202,31/12/25,21:00,Q,10,Q,8
52203,01/01/26,09:00,10,A,8,7
52204,01/01/26,11:00,7,Q,9,Q
52205,01/01/26,13:00,7,9,K,Q
52206,01/01/26,15:00,10,8,8,A
52207,01/01/26,17:00,8,8,Q,8
52208,01/01/26,19:00,J,A,J,10
52209,01/01/26,21:00,10,8,8,9
52210,02/01/26,10:00,A,Q,10,7
52211,02/01/26,12:00,K,10,8,8
52212,02/01/26,14:00,8,10,A,Q
52213,03/01/26,21:30,Q,A,K,8
52214,03/01/26,23:30,A,A,Q,9
52215,04/01/26,09:00,9,7,A,K
52216,04/01/26,11:00,7,K,7,A
52217,04/01/26,13:00,K,K,A,K
52218,04/01/26,15:00,J,Q,7,10
52219,04/01/26,17:00,10,9,K,10
52220,04/01/26,19:00,J,K,Q,Q
52221,04/01/26,21:00,7,K,Q,A
52222,05/01/26,09:00,J,8,8,8
52223,05/01/26,11:00,9,8,7,Q
52224,05/01/26,13:00,K,A,7,Q
52225,05/01/26,15:00,7,Q,8,J
52226,05/01/26,17:00,A,7,J,J
52227,05/01/26,19:00,7,7,9,10
52228,05/01/26,21:00,7,Q,9,10
52229,06/01/26,09:00,K,9,K,K
52230,06/01/26,11:00,7,9,8,J
52231,06/01/26,13:00,J,9,J,8
52232,06/01/26,15:00,9,10,J,8
52233,06/01/26,17:00,10,A,A,9
52234,06/01/26,19:00,7,K,A,A
52235,06/01/26,21:00,7,Q,10,J
52236,07/01/26,09:00,J,J,A,K
52237,07/01/26,11:00,Q,Q,10,10
52238,07/01/26,13:00,9,J,10,K
52239,07/01/26,15:00,10,K,8,8
52240,07/01/26,17:00,7,9,A,9
52241,07/01/26,19:00,9,8,8,7
52242,07/01/26,21:00,8,8,J,K
52243,08/01/26,09:00,8,K,K,K
52244,08/01/26,11:00,A,K,9,10
52245,08/01/26,13:00,Q,A,7,7
52246,08/01/26,15:00,Q,10,A,A
52247,08/01/26,17:00,K,8,A,J
52248,08/01/26,19:00,7,J,A,Q
52249,08/01/26,21:00,K,9,Q,Q
52250,09/01/26,10:00,8,A,A,10
52251,09/01/26,12:00,Q,10,8,K
52252,09/01/26,14:00,Q,7,J,7
52253,10/01/26,21:30,Q,A,K,J
52254,10/01/26,23:30,Q,A,10,A
52255,11/01/26,09:00,10,K,A,A
52256,11/01/26,11:00,8,8,Q,10
52257,11/01/26,13:00,8,10,10,7
52258,11/01/26,15:00,9,8,9,8
52259,11/01/26,17:00,K,A,J,Q
52260,11/01/26,19:00,K,10,Q,8
52261,11/01/26,21:00,Q,Q,J,9
52262,12/01/26,09:00,Q,K,A,9
52263,12/01/26,11:00,10,J,Q,Q
52264,12/01/26,13:00,K,9,K,10
52265,12/01/26,15:00,K,A,Q,Q
52266,12/01/26,17:00,Q,J,7,A
52267,12/01/26,19:00,9,10,8,8
52268,12/01/26,21:00,9,9,9,A
52269,13/01/26,09:00,7,8,9,Q
52270,13/01/26,11:00,10,7,10,Q
52271,13/01/26,13:00,8,A,8,7
52272,13/01/26,15:00,10,7,9,9
52273,13/01/26,17:00,9,7,10,8
52274,13/01/26,19:00,J,10,Q,Q
52275,13/01/26,21:00,J,J,Q,Q
52276,14/01/26,09:00,8,10,9,7
52277,14/01/26,11:00,K,7,9,K
52278,14/01/26,13:00,7,Q,J,K
52279,14/01/26,15:00,8,J,K,Q
52280,14/01/26,17:00,8,A,8,10
52281,14/01/26,19:00,J,Q,10,A
52282,14/01/26,21:00,9,9,J,A
52283,15/01/26,09:00,J,J,K,A
52284,15/01/26,11:00,J,K,8,K
52285,15/01/26,13:00,K,7,8,7
52286,15/01/26,15:00,7,J,J,7
52287,15/01/26,17:00,9,Q,8,A
52288,15/01/26,19:00,J,J,9,9
52289,15/01/26,21:00,9,A,J,Q
52290,16/01/26,10:00,Q,A,9,J
52291,16/01/26,12:00,J,K,9,9
52292,16/01/26,14:00,9,7,K,9
52293,17/01/26,21:30,10,A,Q,A
52294,17/01/26,23:30,7,8,K,8
52295,18/01/26,09:00,Q,K,Q,J
52296,18/01/26,11:00,A,9,7,Q
52297,18/01/26,13:00,K,8,Q,10
52298,18/01/26,15:00,J,7,10,K
52299,18/01/26,17:00,A,8,10,A
52300,18/01/26,19:00,7,Q,Q,10
52301,18/01/26,21:00,9,A,J,A
52302,19/01/26,09:00,Q,7,A,10
52303,19/01/26,11:00,J,A,7,Q
52304,19/01/26,13:00,A,7,K,K
52305,19/01/26,15:00,9,7,10,10
52306,19/01/26,17:00,Q,Q,7,7
52307,19/01/26,19:00,K,A,8,9
52308,19/01/26,21:00,7,9,7,9
52309,20/01/26,09:00,Q,A,9,9
52310,20/01/26,11:00,8,8,10,7
52311,20/01/26,13:00,A,K,9,J
52312,20/01/26,15:00,K,10,Q,Q
52313,20/01/26,17:00,10,Q,Q,K
52314,20/01/26,19:00,7,A,A,8
52315,20/01/26,21:00,7,8,A,8
52316,21/01/26,09:00,A,9,10,8
52317,21/01/26,11:00,A,8,9,Q
52318,21/01/26,13:00,8,K,10,K
52319,21/01/26,15:00,Q,7,7,9
52320,21/01/26,17:00,J,7,K,Q
52321,21/01/26,19:00,8,K,8,A
52322,21/01/26,21:00,K,A,7,9
52323,22/01/26,09:00,10,9,Q,K
52324,22/01/26,11:00,K,Q,9,Q
52325,22/01/26,13:00,8,Q,J,J
52326,22/01/26,15:00,J,A,7,K
52327,22/01/26,17:00,7,J,9,A
52328,22/01/26,19:00,8,K,K,Q
52329,22/01/26,21:00,8,10,A,K
52330,23/01/26,10:00,8,Q,9,A
52331,23/01/26,12:00,A,Q,9,10
52332,23/01/26,14:00,K,K,10,9
52333,24/01/26,21:30,J,8,J,8
52334,24/01/26,23:30,10,A,Q,J
52335,25/01/26,09:00,J,A,10,K
52336,25/01/26,11:00,A,9,8,7
52337,25/01/26,13:00,J,9,J,9
52338,25/01/26,15:00,7,9,10,Q
52339,25/01/26,17:00,J,A,9,10
52340,25/01/26,19:00,A,A,Q,7
52341,25/01/26,21:00,8,7,A,Q
52342,26/01/26,09:00,8,9,Q,Q
52343,26/01/26,11:00,Q,J,A,9
52344,26/01/26,13:00,Q,A,K,10
52345,26/01/26,15:00,8,K,Q,10
52346,26/01/26,17:00,9,A,K,K
52347,26/01/26,19:00,Q,9,A,10
52348,26/01/26,21:00,9,7,A,9
52349,27/01/26,09:00,Q,8,10,8
52350,27/01/26,11:00,A,10,A,K
52351,27/01/26,13:00,9,Q,8,8
52352,27/01/26,15:00,K,A,10,Q
52353,27/01/26,17:00,J,10,K,K
52354,27/01/26,19:00,9,A,K,8
52355,27/01/26,21:00,8,K,7,A
52356,28/01/26,09:00,7,A,J,10
52357,28/01/26,11:00,10,Q,A,8
52358,28/01/26,13:00,Q,Q,K,J
52359,28/01/26,15:00,J,J,7,K
52360,28/01/26,17:00,9,7,Q,A
52361,28/01/26,19:00,K,8,A,7
52362,28/01/26,21:00,7,9,7,8
52363,29/01/26,09:00,J,K,9,A
52364,29/01/26,11:00,J,8,J,9
52365,29/01/26,13:00,8,9,9,Q
52366,29/01/26,15:00,A,10,7,A
52367,29/01/26,17:00,K,Q,K,8
52368,29/01/26,19:00,10,8,J,A
52369,29/01/26,21:00,7,J,8,9
52370,30/01/26,10:00,J,7,Q,Q
52371,30/01/26,12:00,K,Q,9,8
52372,30/01/26,14:00,J,J,J,Q
52373,31/01/26,21:30,A,10,A,9
52374,31/01/26,23:30,7,8,9,8
52375,01/02/26,09:00,9,9,K,8
52376,01/02/26,11:00,Q,Q,J,7
52377,01/02/26,13:00,7,9,10,10
52378,01/02/26,15:00,Q,8,A,J
52379,01/02/26,17:00,Q,9,J,A
52380,01/02/26,19:00,Q,9,7,7
52381,01/02/26,21:00,8,10,J,7
52382,02/02/26,09:00,10,7,J,K
52383,02/02/26,11:00,A,9,A,A
52384,02/02/26,13:00,K,A,9,9
52385,02/02/26,15:00,Q,A,J,A
52386,02/02/26,17:00,9,10,9,9
52387,02/02/26,19:00,8,Q,8,9
52388,02/02/26,21:00,A,J,10,10
52389,03/02/26,09:00,8,7,10,8
52390,03/02/26,11:00,9,K,J,J
52391,03/02/26,13:00,8,7,Q,9
52392,03/02/26,15:00,Q,K,Q,9
52393,03/02/26,17:00,A,7,A,9
52394,03/02/26,19:00,8,9,8,8
52395,03/02/26,21:00,8,9,8,10
52396,04/02/26,09:00,K,9,Q,A
52397,04/02/26,11:00,J,9,9,A
52398,04/02/26,13:00,J,10,K,9
52399,04/02/26,15:00,A,8,8,10
52400,04/02/26,17:00,J,10,J,A
52401,04/02/26,19:00,9,Q,Q,9
52402,04/02/26,21:00,9,9,10,A
52403,05/02/26,09:00,Q,A,7,Q
52404,05/02/26,11:00,J,10,A,8
52405,05/02/26,13:00,9,9,K,10
52406,05/02/26,15:00,9,8,K,8
52407,05/02/26,17:00,A,Q,10,K
52408,05/02/26,19:00,8,Q,A,A
52409,05/02/26,21:00,J,K,Q,K
52410,06/02/26,10:00,A,10,8,10
52411,06/02/26,12:00,8,Q,J,Q
52412,06/02/26,14:00,10,8,K,J
52413,07/02/26,21:30,7,K,9,8
52414,07/02/26,23:30,J,10,8,J
52415,08/02/26,09:00,Q,8,7,7
52416,08/02/26,11:00,J,9,9,A
52417,08/02/26,13:00,A,8,A,J
52418,08/02/26,15:00,A,K,J,8
52419,08/02/26,17:00,10,9,8,Q
52420,08/02/26,19:00,10,9,9,A
52421,08/02/26,21:00,A,9,8,7
52422,09/02/26,09:00,K,J,8,8
52423,09/02/26,11:00,K,K,A,J
52424,09/02/26,13:00,7,10,8,9
52425,09/02/26,15:00,7,J,Q,K
52426,09/02/26,17:00,10,J,A,9
52427,09/02/26,19:00,A,Q,8,10
52428,09/02/26,21:00,10,8,7,7
52429,10/02/26,09:00,K,K,9,Q
52430,10/02/26,11:00,A,8,A,8
52431,10/02/26,13:00,J,J,9,7
52432,10/02/26,15:00,10,7,8,9
52433,10/02/26,17:00,10,J,10,8
52434,10/02/26,19:00,K,7,9,7
52435,10/02/26,21:00,A,8,10,K
52436,11/02/26,09:00,9,Q,8,9
52437,11/02/26,11:00,Q,Q,8,Q
52438,11/02/26,13:00,J,Q,9,Q
52439,11/02/26,15:00,8,9,8,K
52440,11/02/26,17:00,J,A,Q,8
52441,11/02/26,19:00,J,J,7,9
52442,11/02/26,21:00,7,Q,A,K
52443,12/02/26,09:00,K,9,10,8
52444,12/02/26,11:00,8,7,K,8
52445,12/02/26,13:00,A,10,7,J
52446,12/02/26,15:00,9,9,10,9
52447,12/02/26,17:00,8,K,A,7
52448,12/02/26,19:00,9,J,9,9
52449,12/02/26,21:00,8,7,Q,A
52450,13/02/26,10:00,7,7,Q,Q
52451,13/02/26,12:00,K,A,9,9
52452,13/02/26,14:00,K,Q,8,7
52453,14/02/26,21:30,8,8,Q,9
52454,14/02/26,23:30,9,9,K,A
52455,15/02/26,09:00,Q,Q,8,7
52456,15/02/26,11:00,7,7,8,K
52457,15/02/26,13:00,J,J,K,8
52458,15/02/26,15:00,J,Q,J,K
52459,15/02/26,17:00,8,8,9,A
52460,15/02/26,19:00,A,J,K,K
52461,15/02/26,21:00,9,Q,Q,10
52462,16/02/26,09:00,J,9,A,7
52463,16/02/26,11:00,10,J,7,10
52464,16/02/26,13:00,A,7,10,8
52465,16/02/26,15:00,8,10,9,10
52466,16/02/26,17:00,A,A,K,8
52467,16/02/26,19:00,9,8,10,J
52468,16/02/26,21:00,7,9,K,A
52469,17/02/26,09:00,K,8,J,8
52470,17/02/26,11:00,9,K,10,J
52471,17/02/26,13:00,A,7,J,7
52472,17/02/26,15:00,7,J,10,10
52473,17/02/26,17:00,A,9,K,J
52474,17/02/26,19:00,A,9,Q,8
52475,17/02/26,21:00,K,8,K,7
52476,18/02/26,09:00,K,Q,10,10
52477,18/02/26,11:00,10,8,A,Q
52478,18/02/26,13:00,A,9,A,10
52479,18/02/26,15:00,8,Q,Q,10
52480,18/02/26,17:00,7,A,K,A
52481,18/02/26,19:00,K,8,J,9
52482,18/02/26,21:00,7,7,A,A
52483,19/02/26,09:00,Q,J,9,J
52484,19/02/26,11:00,A,10,Q,Q
52485,19/02/26,13:00,7,9,Q,9
52486,19/02/26,15:00,7,A,7,9
52487,19/02/26,17:00,9,K,Q,Q
52488,19/02/26,19:00,K,K,7,Q
52489,19/02/26,21:00,A,A,8,K
52490,20/02/26,10:00,J,8,Q,10
52491,20/02/26,12:00,8,Q,Q,9
52492,20/02/26,14:00,K,9,10,Q
52493,21/02/26,21:30,7,10,Q,8
52494,21/02/26,23:30,K,9,K,J
52495,22/02/26,09:00,8,10,9,K
52496,22/02/26,11:00,A,7,8,Q
52497,22/02/26,13:00,9,J,J,A
52498,22/02/26,15:00,A,K,K,Q
52499,22/02/26,17:00,7,9,K,K
52500,22/02/26,19:00,J,Q,J,Q
52501,22/02/26,21:00,K,K,7,9
52502,23/02/26,09:00,8,J,10,K
52503,23/02/26,11:00,7,Q,8,J
52504,23/02/26,13:00,10,8,9,Q
52505,23/02/26,15:00,7,A,K,A
52506,23/02/26,17:00,10,J,J,J
52507,23/02/26,19:00,9,K,10,Q
52508,23/02/26,21:00,K,Q,A,J
52509,24/02/26,09:00,J,10,Q,K
52510,24/02/26,11:00,8,7,7,Q
52511,24/02/26,13:00,9,7,Q,8
52512,24/02/26,15:00,8,9,A,Q
52513,24/02/26,17:00,J,10,J,10
52514,24/02/26,19:00,8,9,K,7
52515,24/02/26,21:00,9,Q,A,J
52516,25/02/26,09:00,J,7,8,7
52517,25/02/26,11:00,K,Q,7,7
52518,25/02/26,13:00,9,9,7,8
52519,25/02/26,15:00,J,9,A,Q
52520,25/02/26,17:00,7,10,Q,9
52521,25/02/26,19:00,A,A,9,K
52522,25/02/26,21:00,9,7,10,J
52523,26/02/26,09:00,10,A,9,A
52524,26/02/26,11:00,A,10,K,8
52525,26/02/26,13:00,J,Q,9,7
52526,26/02/26,15:00,Q,K,J,7
52527,26/02/26,17:00,10,7,A,8
52528,26/02/26,19:00,Q,K,Q,10
52529,26/02/26,21:00,8,10,A,10
52530,27/02/26,10:00,9,A,10,J
52531,27/02/26,12:00,7,A,Q,7
52532,27/02/26,14:00,9,7,Q,A
52533,05/03/26,15:00,A,Q,J,8
52534,05/03/26,17:00,J,8,K,10
52535,05/03/26,19:00,Q,9,8,9
52536,05/03/26,21:00,Q,Q,7,J
52537,06/03/26,10:00,K,Q,J,Q
52538,06/03/26,12:00,10,J,J,8
52539,06/03/26,14:00,8,9,7,10
52540,07/03/26,21:30,9,Q,7,A
52541,07/03/26,23:30,8,Q,10,9
52542,08/03/26,09:00,8,Q,K,9
52543,08/03/26,11:00,10,9,9,J
52544,08/03/26,13:00,7,9,Q,K
52545,08/03/26,15:00,J,J,J,8
52546,08/03/26,17:00,9,8,10,10
52547,08/03/26,19:00,A,K,10,K
52548,08/03/26,21:00,A,J,J,7
52549,09/03/26,09:00,7,Q,10,J
52550,09/03/26,11:00,A,9,7,7
52551,09/03/26,13:00,10,10,10,A
52552,09/03/26,15:00,9,A,10,9
52553,09/03/26,17:00,8,J,9,A
52554,09/03/26,19:00,7,9,8,10
52555,09/03/26,21:00,7,8,9,A
52556,10/03/26,09:00,9,8,7,7
52557,10/03/26,11:00,7,A,8,10
52558,10/03/26,13:00,9,A,J,10
52559,10/03/26,15:00,10,8,J,Q
52560,10/03/26,17:00,7,8,10,A
52561,10/03/26,19:00,8,Q,J,A
52562,10/03/26,21:00,K,10,K,9
52563,11/03/26,09:00,J,Q,10,A
52564,11/03/26,11:00,7,7,7,Q
52565,11/03/26,13:00,Q,Q,9,9
52566,11/03/26,15:00,A,J,K,7
52567,11/03/26,17:00,J,J,10,7
52568,11/03/26,19:00,A,10,A,9
52569,11/03/26,21:00,7,A,J,A
52570,12/03/26,09:00,9,10,7,Q
52571,12/03/26,11:00,9,K,J,J
52572,12/03/26,13:00,K,9,10,10
52573,12/03/26,15:00,J,J,K,Q
52574,12/03/26,17:00,Q,10,Q,A
52575,12/03/26,19:00,K,7,7,9
52576,12/03/26,21:00,A,7,10,Q
52577,13/03/26,10:00,A,8,10,7
52578,13/03/26,12:00,A,J,Q,A
52579,13/03/26,14:00,9,10,9,8
52580,14/03/26,21:30,Q,Q,K,A
52581,14/03/26,23:30,7,8,9,9
52582,15/03/26,09:00,K,J,8,J
52583,15/03/26,11:00,8,J,8,Q
52584,15/03/26,13:00,A,K,7,9
52585,15/03/26,15:00,7,10,Q,J
52586,15/03/26,17:00,10,8,7,8
52587,15/03/26,19:00,10,7,J,K
52588,15/03/26,21:00,A,8,7,9
52589,16/03/26,09:00,7,9,Q,9
52590,16/03/26,11:00,A,10,J,J
52591,16/03/26,13:00,K,K,10,J
52592,16/03/26,15:00,7,8,10,K
52593,16/03/26,17:00,7,10,8,7
52594,16/03/26,19:00,9,K,K,A
52595,16/03/26,21:00,10,8,A,8
52596,17/03/26,09:00,7,Q,8,J
52597,17/03/26,11:00,K,A,Q,A
52598,17/03/26,13:00,A,10,K,9
52599,17/03/26,15:00,7,J,A,A
52600,17/03/26,17:00,A,10,A,9
52601,17/03/26,19:00,A,K,J,Q
52602,17/03/26,21:00,J,J,K,K
52603,18/03/26,09:00,A,10,Q,8
52604,18/03/26,11:00,K,7,A,A
52605,18/03/26,13:00,Q,8,9,Q
52606,18/03/26,15:00,Q,8,K,9
52607,18/03/26,17:00,9,10,8,Q
52608,18/03/26,19:00,K,7,9,J
52609,18/03/26,21:00,Q,Q,Q,K
52610,19/03/26,09:00,J,J,9,K
52611,19/03/26,11:00,7,9,10,8
52612,19/03/26,13:00,A,7,8,A
52613,19/03/26,15:00,Q,Q,10,8
52614,19/03/26,17:00,A,9,8,9
52615,19/03/26,19:00,A,K,7,9
52616,19/03/26,21:00,A,9,K,K
52617,20/03/26,10:00,10,9,8,A
52618,20/03/26,12:00,7,7,8,8
52619,20/03/26,14:00,10,9,8,K
52620,21/03/26,21:30,K,8,K,A
52621,21/03/26,23:30,8,10,9,A
52622,22/03/26,09:00,9,J,10,9
52623,22/03/26,11:00,10,8,J,9
52624,22/03/26,13:00,Q,7,J,9
52625,22/03/26,15:00,8,A,9,9
52626,22/03/26,17:00,J,A,A,K
52627,22/03/26,19:00,9,7,9,A
52628,22/03/26,21:00,Q,7,7,7
52629,23/03/26,09:00,9,Q,K,J
52630,23/03/26,11:00,7,7,K,A
52631,23/03/26,13:00,9,10,K,K
52632,23/03/26,15:00,8,K,9,Q
52633,23/03/26,17:00,J,8,7,9
52634,23/03/26,19:00,10,9,8,A
52635,23/03/26,21:00,Q,K,J,8
52636,24/03/26,09:00,K,10,9,Q
52637,24/03/26,11:00,Q,Q,A,K
52638,24/03/26,13:00,A,7,Q,A
52639,24/03/26,15:00,10,J,J,7
52640,24/03/26,17:00,8,K,J,10
52641,24/03/26,19:00,8,Q,8,7
52642,24/03/26,21:00,J,J,K,Q
52643,25/03/26,09:00,9,Q,K,7
52644,25/03/26,11:00,A,Q,J,K
52645,25/03/26,13:00,9,A,10,K
52646,25/03/26,15:00,9,10,9,10
52647,25/03/26,17:00,J,K,Q,7
52648,25/03/26,19:00,J,A,A,10
52649,25/03/26,21:00,Q,10,Q,9
52650,26/03/26,09:00,9,8,9,10
52651,26/03/26,11:00,K,Q,J,8
52652,26/03/26,13:00,10,9,8,10
52653,26/03/26,15:00,9,7,A,10
52654,26/03/26,17:00,J,J,K,7
52655,26/03/26,19:00,Q,J,7,Q
52656,26/03/26,21:00,10,7,9,8
52657,27/03/26,10:00,9,10,8,10
52658,27/03/26,12:00,9,K,9,9
52659,27/03/26,14:00,K,Q,8,10
52660,28/03/26,21:30,J,J,8,7
52661,28/03/26,23:30,7,A,8,10
52662,29/03/26,09:00,A,9,J,8
52663,29/03/26,11:00,A,A,A,K
52664,29/03/26,13:00,8,A,7,10
52665,29/03/26,15:00,7,9,9,A
52666,29/03/26,17:00,7,J,J,8
52667,29/03/26,19:00,8,A,7,A
52668,29/03/26,21:00,Q,7,7,Q
52669,30/03/26,09:00,A,10,A,9
52670,30/03/26,11:00,A,10,7,9
52671,30/03/26,13:00,9,K,10,K
52672,30/03/26,15:00,J,8,8,K
52673,30/03/26,17:00,K,10,K,K
52674,30/03/26,19:00,10,10,A,8
52675,30/03/26,21:00,7,9,A,8
52676,31/03/26,09:00,10,9,10,10
52677,31/03/26,11:00,Q,7,K,J
52678,31/03/26,13:00,7,9,K,Q
52679,31/03/26,15:00,8,7,Q,9
52680,31/03/26,17:00,8,Q,K,7
52681,31/03/26,19:00,8,10,9,J
52682,31/03/26,21:00,10,8,K,10
52683,01/04/26,09:00,Q,9,A,8
52684,01/04/26,11:00,10,Q,10,8
52685,01/04/26,13:00,K,A,7,A
52686,02/04/26,21:30,Q,J,8,Q
52687,03/04/26,10:00,Q,7,K,Q
52688,03/04/26,12:00,A,Q,9,10
52689,03/04/26,14:00,A,A,9,Q
52690,04/04/26,21:30,7,9,Q,8
52691,04/04/26,23:30,7,J,8,K
52692,05/04/26,09:00,J,10,Q,7
52693,05/04/26,11:00,8,8,A,J
52694,05/04/26,13:00,K,J,7,A
52695,05/04/26,15:00,9,9,A,10
52696,05/04/26,17:00,8,7,Q,J
52697,05/04/26,19:00,J,J,Q,9
52698,05/04/26,21:00,9,8,8,10
52699,06/04/26,09:00,9,Q,7,7
52700,06/04/26,11:00,J,7,A,8
52701,06/04/26,13:00,K,A,8,10
52702,06/04/26,15:00,J,9,8,9
52703,06/04/26,17:00,J,J,8,K
52704,06/04/26,19:00,Q,7,Q,K
52705,06/04/26,21:00,J,J,J,8
52706,07/04/26,09:00,Q,9,8,9
52707,07/04/26,11:00,A,J,9,A
52708,07/04/26,13:00,J,7,Q,Q
52709,08/04/26,21:30,J,9,10,10
52710,09/04/26,09:00,7,9,K,10
52711,09/04/26,11:00,Q,A,8,A
52712,09/04/26,13:00,9,7,A,8
52713,09/04/26,15:00,K,A,10,J
52714,09/04/26,17:00,K,J,Q,8
52715,09/04/26,19:00,8,10,8,10
52716,09/04/26,21:00,K,J,Q,9
52717,10/04/26,10:00,8,9,8,8
52718,10/04/26,12:00,9,7,7,7
52719,10/04/26,14:00,7,10,Q,J
52720,11/04/26,21:30,A,9,A,Q
52721,11/04/26,23:30,K,Q,10,J
52722,12/04/26,09:00,7,9,J,8
52723,12/04/26,11:00,Q,K,J,9
52724,12/04/26,13:00,J,K,10,7
52725,12/04/26,15:00,K,Q,8,7
52726,12/04/26,17:00,A,K,Q,A
52727,12/04/26,19:00,Q,K,J,Q
52728,12/04/26,21:00,10,Q,J,A
52729,13/04/26,09:00,7,Q,Q,10
52730,13/04/26,11:00,10,9,Q,K
52731,13/04/26,13:00,10,K,A,J
52732,13/04/26,15:00,J,10,8,10
52733,14/04/26,21:30,9,7,K,Q
52734,15/04/26,09:00,10,J,8,8
52735,15/04/26,11:00,K,8,10,A
52736,15/04/26,13:00,9,A,K,9
52737,15/04/26,15:00,10,7,Q,7
52738,15/04/26,17:00,A,7,A,A
52739,15/04/26,19:00,Q,8,J,Q
52740,15/04/26,21:00,9,K,J,J
52741,16/04/26,09:00,9,8,Q,9
52742,16/04/26,11:00,K,K,A,9
52743,16/04/26,13:00,K,9,J,8
52744,16/04/26,15:00,J,J,Q,10
52745,16/04/26,17:00,K,9,K,Q
52746,16/04/26,19:00,J,8,7,A
52747,16/04/26,21:00,Q,7,J,J
52748,17/04/26,10:00,A,8,Q,10
52749,17/04/26,12:00,10,7,Q,K
52750,17/04/26,14:00,Q,9,7,9
52751,18/04/26,21:30,9,A,8,Q
52752,18/04/26,23:30,A,A,J,Q
52753,19/04/26,09:00,K,10,10,K
52754,19/04/26,11:00,7,J,Q,K
52755,19/04/26,13:00,Q,10,7,J
52756,19/04/26,15:00,7,8,9,A
52757,19/04/26,17:00,8,10,K,A
52758,19/04/26,19:00,K,J,Q,A
52759,19/04/26,21:00,Q,8,8,10
52760,20/04/26,09:00,A,7,9,Q
52761,20/04/26,11:00,9,9,10,J
52762,20/04/26,13:00,A,8,J,K
52763,20/04/26,15:00,A,Q,A,A
52764,21/04/26,21:30,K,K,9,7
52765,22/04/26,21:30,9,Q,K,9
52766,23/04/26,09:00,10,Q,8,9
52767,23/04/26,11:00,A,Q,7,Q
52768,23/04/26,13:00,K,K,9,Q
52769,23/04/26,15:00,9,A,8,K
52770,23/04/26,17:00,8,7,Q,A
52771,23/04/26,19:00,8,8,9,7
52772,23/04/26,21:00,9,K,7,9
52773,24/04/26,10:00,J,9,J,8
52774,24/04/26,12:00,8,A,9,K
52775,24/04/26,14:00,8,A,Q,8
52776,25/04/26,21:30,J,J,7,J
52777,25/04/26,23:30,A,K,9,8
52778,26/04/26,09:00,Q,9,8,10
52779,26/04/26,11:00,Q,K,K,8
52780,26/04/26,13:00,Q,7,7,Q
52781,26/04/26,15:00,8,A,J,A
52782,26/04/26,17:00,10,K,9,K
52783,26/04/26,19:00,8,10,10,8
52784,26/04/26,21:00,8,10,10,Q
52785,27/04/26,09:00,J,8,A,8
52786,27/04/26,11:00,8,A,8,Q
52787,27/04/26,13:00,K,8,8,8
52788,27/04/26,15:00,9,J,A,A
52789,27/04/26,17:00,K,Q,8,9
52790,27/04/26,19:00,Q,K,7,9
52791,27/04/26,21:00,8,J,Q,7
52792,28/04/26,09:00,10,8,K,10
52793,28/04/26,11:00,8,10,9,K
52794,28/04/26,13:00,8,J,A,10
52795,28/04/26,15:00,10,7,A,7
52796,28/04/26,17:00,7,7,K,A
52797,28/04/26,19:00,A,7,9,9
52798,28/04/26,21:00,K,Q,8,K
52799,29/04/26,09:00,Q,8,7,K
52800,29/04/26,11:00,7,8,10,K
52801,29/04/26,13:00,10,10,J,Q
52802,29/04/26,15:00,K,9,7,8
52803,29/04/26,17:00,A,Q,7,10
52804,29/04/26,19:00,7,9,10,J
52805,29/04/26,21:00,J,9,K,J
52806,30/04/26,09:00,10,8,Q,8
52807,30/04/26,11:00,9,Q,A,7
52808,30/04/26,13:00,Q,K,J,8
52809,30/04/26,15:00,A,J,J,J
52810,30/04/26,17:00,10,8,A,8
52811,30/04/26,19:00,10,Q,9,A
52812,30/04/26,21:00,8,10,10,Q
52813,01/05/26,10:00,10,K,K,10
52814,01/05/26,12:00,10,A,A,Q
52815,01/05/26,14:00,K,Q,J,8
52816,02/05/26,21:30,A,7,7,8
52817,02/05/26,23:30,10,Q,7,7
52818,03/05/26,09:00,K,8,K,K
52819,03/05/26,11:00,Q,10,K,7
52820,03/05/26,13:00,10,Q,10,Q
52821,03/05/26,15:00,A,A,Q,8
52822,03/05/26,17:00,10,10,K,J
52823,03/05/26,19:00,K,8,8,Q
52824,03/05/26,21:00,8,J,7,A
52825,04/05/26,09:00,10,7,10,7
52826,04/05/26,11:00,7,7,Q,Q
52827,04/05/26,13:00,A,8,9,7
52828,04/05/26,15:00,8,7,K,10
52829,04/05/26,17:00,7,K,9,7
52830,04/05/26,19:00,8,J,Q,9
52831,04/05/26,21:00,7,8,K,Q
52832,05/05/26,09:00,8,Q,9,7
52833,05/05/26,11:00,Q,K,Q,9
52834,05/05/26,13:00,J,10,7,J
52835,05/05/26,15:00,J,10,8,A
52836,05/05/26,17:00,10,9,9,9
52837,05/05/26,19:00,K,Q,K,A
52838,05/05/26,21:00,J,Q,K,K
52839,06/05/26,09:00,Q,J,9,K
52840,06/05/26,11:00,9,8,A,K
52841,06/05/26,13:00,10,9,K,7
52842,06/05/26,15:00,Q,9,9,K
52843,06/05/26,17:00,10,10,K,K
52844,06/05/26,19:00,J,A,8,10
52845,06/05/26,21:00,J,9,9,A
52846,07/05/26,09:00,Q,10,9,K
52847,07/05/26,11:00,7,J,9,A
52848,07/05/26,13:00,10,10,Q,A
52849,07/05/26,15:00,Q,7,8,K
52850,07/05/26,17:00,10,A,J,10
52851,07/05/26,19:00,9,K,K,Q
52852,07/05/26,21:00,K,7,10,7
52853,08/05/26,10:00,Q,9,J,8
52854,08/05/26,12:00,Q,10,K,10
52855,08/05/26,14:00,7,9,10,7
52856,09/05/26,21:30,Q,10,7,7
52857,09/05/26,23:30,9,A,8,Q
52858,10/05/26,09:00,K,J,10,7
52859,10/05/26,11:00,7,J,A,J
52860,10/05/26,13:00,A,Q,10,A
52861,10/05/26,15:00,9,Q,A,10
52862,10/05/26,17:00,A,A,K,Q
52863,10/05/26,19:00,8,K,8,Q
52864,10/05/26,21:00,A,Q,Q,Q
52865,11/05/26,09:00,8,10,K,8
52866,11/05/26,11:00,10,10,9,J
52867,11/05/26,13:00,K,Q,Q,10
52868,11/05/26,15:00,9,J,10,10
52869,11/05/26,17:00,9,A,Q,7
52870,11/05/26,19:00,10,Q,7,8
52871,11/05/26,21:00,7,7,10,7
52872,12/05/26,09:00,A,7,A,A
52873,12/05/26,11:00,K,7,J,10
52874,12/05/26,13:00,10,10,10,10
52875,12/05/26,15:00,A,9,7,K
52876,12/05/26,17:00,10,7,7,A
52877,12/05/26,19:00,10,8,9,9
52878,12/05/26,21:00,J,Q,8,J
52879,13/05/26,09:00,7,8,Q,8
52880,13/05/26,11:00,A,A,10,Q
52881,13/05/26,13:00,7,K,7,K
52882,13/05/26,15:00,K,A,10,8
52883,13/05/26,17:00,9,8,8,10
52884,13/05/26,19:00,A,7,7,A
52885,13/05/26,21:00,7,Q,8,7
52886,14/05/26,09:00,K,K,Q,8
52887,14/05/26,11:00,7,J,K,K
52888,14/05/26,13:00,7,7,A,8
52889,14/05/26,15:00,8,9,9,K
52890,14/05/26,17:00,J,10,7,10
52891,14/05/26,19:00,7,10,Q,K
52892,14/05/26,21:00,J,10,9,K
52893,15/05/26,10:00,8,7,K,7
52894,15/05/26,12:00,K,Q,J,J
52895,15/05/26,14:00,10,A,8,10
52896,16/05/26,21:30,7,9,J,8
52897,16/05/26,23:30,8,Q,K,7
52898,17/05/26,09:00,9,A,9,A
52899,17/05/26,11:00,8,9,A,7
52900,17/05/26,13:00,Q,Q,7,8
52901,17/05/26,15:00,K,K,8,9
52902,17/05/26,17:00,A,7,7,K
52903,17/05/26,19:00,10,9,7,9
52904,17/05/26,21:00,9,9,8,K
52905,18/05/26,09:00,9,J,K,A
52906,18/05/26,11:00,7,J,Q,8
52907,18/05/26,13:00,8,A,Q,A
52908,18/05/26,15:00,Q,7,Q,K
52909,18/05/26,17:00,A,K,J,10
52910,18/05/26,19:00,10,9,Q,K
52911,18/05/26,21:00,Q,J,10,7
52912,19/05/26,09:00,A,A,Q,9
52913,19/05/26,11:00,K,9,10,10
52914,19/05/26,13:00,K,K,J,7
52915,19/05/26,15:00,10,K,10,K
52916,19/05/26,17:00,J,J,Q,Q
52917,19/05/26,19:00,8,Q,K,K
52918,19/05/26,21:00,K,K,J,10
52919,20/05/26,09:00,J,Q,A,10
52920,20/05/26,11:00,8,9,Q,8
52921,20/05/26,13:00,9,A,Q,A
52922,20/05/26,15:00,K,Q,10,8
52923,20/05/26,17:00,A,9,9,A
52924,20/05/26,19:00,J,K,J,A
52925,20/05/26,21:00,8,10,7,8
52926,21/05/26,09:00,8,10,7,10
52927,21/05/26,11:00,10,10,9,A
52928,21/05/26,13:00,Q,J,J,J
52929,23/05/26,21:30,7,Q,9,A
52930,23/05/26,23:30,A,10,K,Q
52931,24/05/26,09:00,K,J,A,J
52932,24/05/26,11:00,J,10,10,J
52933,24/05/26,13:00,7,9,9,7
52934,24/05/26,15:00,Q,A,10,Q
52935,24/05/26,17:00,7,8,8,J
52936,24/05/26,19:00,Q,7,K,9
52937,24/05/26,21:00,9,8,K,Q
52938,25/05/26,09:00,Q,7,8,K
52939,25/05/26,11:00,Q,J,K,8
52940,25/05/26,13:00,7,K,9,8
52941,25/05/26,15:00,J,9,K,8
52942,25/05/26,17:00,8,K,10,K
52943,25/05/26,19:00,J,8,A,7
52944,25/05/26,21:00,10,9,10,9
52945,26/05/26,09:00,7,9,9,Q
52946,26/05/26,11:00,J,10,9,J
52947,26/05/26,13:00,Q,9,8,K
52948,26/05/26,15:00,10,10,10,8
52949,26/05/26,17:00,Q,8,9,10
52950,26/05/26,19:00,K,Q,7,J
52951,26/05/26,21:00,A,A,7,K
52952,27/05/26,09:00,8,9,A,K
52953,27/05/26,11:00,8,8,J,7
52954,27/05/26,13:00,8,J,10,7
52955,27/05/26,15:00,9,A,J,10
52956,27/05/26,17:00,7,9,Q,7
52957,27/05/26,19:00,Q,9,10,J
52958,27/05/26,21:00,J,J,A,A
52959,28/05/26,09:00,8,J,10,9
52960,28/05/26,11:00,9,Q,10,Q
52961,28/05/26,13:00,7,7,10,A
52962,28/05/26,15:00,J,A,A,10
52963,28/05/26,17:00,8,10,7,A
52964,28/05/26,19:00,K,9,K,10
52965,28/05/26,21:00,Q,A,8,J
52966,29/05/26,10:00,K,A,J,7
52967,29/05/26,12:00,10,Q,7,K
52968,29/05/26,14:00,8,K,7,Q
52969,30/05/26,21:30,7,J,Q,K
52970,30/05/26,23:30,A,8,9,A
52971,31/05/26,09:00,8,8,8,8
52972,31/05/26,11:00,A,10,10,10
52973,31/05/26,13:00,A,7,8,K
52974,31/05/26,15:00,9,8,A,J
52975,31/05/26,17:00,9,K,8,9
52976,31/05/26,19:00,J,10,8,8
52977,31/05/26,21:00,7,J,J,K
52978,01/06/26,09:00,10,10,A,J
52979,01/06/26,11:00,K,A,7,8
52980,01/06/26,13:00,9,9,J,A
52981,01/06/26,15:00,Q,A,Q,A
52982,01/06/26,17:00,8,10,9,7
52983,01/06/26,19:00,J,8,Q,Q
52984,01/06/26,21:00,Q,9,J,J
52985,02/06/26,09:00,9,9,9,J
52986,02/06/26,11:00,8,K,J,K
52987,02/06/26,13:00,10,J,9,K
52988,02/06/26,15:00,A,10,9,K
52989,02/06/26,17:00,9,A,7,Q
52990,02/06/26,19:00,9,A,K,Q
52991,02/06/26,21:00,Q,J,K,10
52992,03/06/26,09:00,K,9,8,10
52993,03/06/26,11:00,7,J,8,8
52994,03/06/26,13:00,Q,10,7,10
52995,03/06/26,15:00,8,9,7,10
52996,03/06/26,17:00,Q,8,K,9
52997,03/06/26,19:00,J,9,A,J
52998,03/06/26,21:00,J,9,7,10
52999,04/06/26,09:00,7,8,9,7
53000,04/06/26,11:00,9,A,9,K
53001,04/06/26,13:00,7,7,8,9
53002,04/06/26,15:00,A,8,8,7
53003,04/06/26,17:00,8,9,10,9
53004,04/06/26,19:00,Q,7,7,J
53005,04/06/26,21:00,A,K,8,10
53006,05/06/26,10:00,10,J,10,K
53007,05/06/26,12:00,Q,K,8,A
53008,05/06/26,14:00,10,10,Q,K
53009,06/06/26,21:30,7,A,7,7
53010,06/06/26,23:30,10,K,Q,K
53011,07/06/26,09:00,9,8,9,K
53012,07/06/26,11:00,10,8,A,9
53013,07/06/26,13:00,7,J,7,7
53014,07/06/26,15:00,A,Q,Q,A
53015,07/06/26,17:00,10,Q,7,K
53016,07/06/26,19:00,7,10,Q,10
53017,07/06/26,21:00,Q,8,K,A
53018,08/06/26,09:00,J,K,8,Q
53019,08/06/26,11:00,10,K,9,A
53020,08/06/26,13:00,J,8,K,9
53021,08/06/26,15:00,J,J,Q,7
53022,08/06/26,17:00,7,A,7,Q
53023,08/06/26,19:00,8,K,K,8
53024,08/06/26,21:00,A,A,8,J
53025,09/06/26,09:00,8,7,10,J
53026,09/06/26,11:00,K,10,9,8
53027,09/06/26,13:00,K,7,10,8
53028,09/06/26,15:00,A,7,Q,K
53029,09/06/26,17:00,8,Q,10,7
53030,09/06/26,19:00,9,8,A,Q
53031,09/06/26,21:00,K,J,7,9
53032,10/06/26,09:00,8,10,A,9
53033,10/06/26,11:00,Q,9,A,A
53034,10/06/26,13:00,7,J,A,8
53035,10/06/26,15:00,7,Q,9,Q
53036,10/06/26,17:00,9,7,8,7
53037,10/06/26,19:00,7,9,9,7
53038,10/06/26,21:00,Q,8,9,7
53039,11/06/26,09:00,10,10,A,Q
53040,11/06/26,11:00,9,Q,9,10
53041,11/06/26,13:00,8,8,J,K
53042,11/06/26,15:00,K,10,8,J
53043,11/06/26,17:00,Q,K,A,8
53044,11/06/26,19:00,K,Q,J,Q
53045,11/06/26,21:00,K,K,8,9
53046,12/06/26,10:00,10,Q,J,9
53047,12/06/26,12:00,J,A,Q,J
53048,12/06/26,14:00,A,7,8,7
53049,13/06/26,21:30,8,9,J,10
53050,13/06/26,23:30,8,A,7,J
53051,14/06/26,09:00,7,J,7,J
53052,14/06/26,11:00,8,K,J,8
53053,14/06/26,13:00,A,Q,10,K
53054,14/06/26,15:00,8,J,7,7
53055,14/06/26,17:00,9,7,J,10
53056,14/06/26,19:00,Q,K,9,9
53057,14/06/26,21:00,8,K,J,A
53058,15/06/26,09:00,9,A,A,K
53059,15/06/26,11:00,9,J,Q,10
53060,15/06/26,13:00,9,Q,9,8
53061,15/06/26,15:00,7,10,9,Q
53062,15/06/26,17:00,9,A,Q,A
53063,15/06/26,19:00,J,8,10,10
53064,15/06/26,21:00,A,9,J,Q
53065,16/06/26,09:00,8,J,K,Q
53066,16/06/26,11:00,9,Q,10,9
53067,16/06/26,13:00,8,K,K,8
53068,16/06/26,15:00,Q,10,10,8
53069,16/06/26,17:00,7,Q,Q,J
53070,16/06/26,19:00,7,K,7,J
53071,16/06/26,21:00,7,A,8,10
53072,17/06/26,09:00,7,9,8,Q
53073,17/06/26,11:00,A,K,K,A
53074,17/06/26,13:00,K,K,9,Q
53075,17/06/26,15:00,Q,9,7,K
53076,17/06/26,17:00,K,10,10,7
53077,17/06/26,19:00,7,10,7,A
53078,17/06/26,21:00,J,10,Q,Q
53079,18/06/26,09:00,7,9,A,8
53080,18/06/26,11:00,A,10,K,A
53081,18/06/26,13:00,9,Q,Q,K
53082,18/06/26,15:00,A,10,A,7
53083,18/06/26,17:00,7,A,K,A
53084,18/06/26,19:00,J,10,K,8
53085,18/06/26,21:00,J,7,Q,Q
53086,19/06/26,10:00,K,Q,8,10
53087,19/06/26,12:00,A,8,9,J
53088,19/06/26,14:00,8,A,7,10
53089,20/06/26,21:30,10,K,7,J
53090,20/06/26,23:30,J,10,Q,10
53091,21/06/26,09:00,10,J,K,A
53092,21/06/26,11:00,10,Q,10,9
53093,21/06/26,13:00,Q,7,J,9
53094,21/06/26,15:00,Q,7,7,K
53095,21/06/26,17:00,9,Q,10,8
53096,21/06/26,19:00,A,8,A,9
53097,21/06/26,21:00,10,9,K,8
53098,22/06/26,09:00,K,J,J,A
53099,22/06/26,11:00,Q,K,8,9
53100,22/06/26,13:00,J,7,Q,J
53101,22/06/26,15:00,J,10,9,8
53102,22/06/26,17:00,9,8,8,A
53103,22/06/26,19:00,Q,J,10,K
53104,22/06/26,21:00,10,A,J,7
53105,23/06/26,09:00,A,J,10,8
53106,23/06/26,11:00,J,K,9,Q
53107,23/06/26,13:00,10,10,7,10
53108,23/06/26,15:00,10,10,A,Q
53109,23/06/26,17:00,A,A,10,8
53110,23/06/26,19:00,9,Q,A,J
53111,23/06/26,21:00,10,9,A,Q
53112,24/06/26,09:00,10,K,J,A
53113,24/06/26,11:00,7,10,K,8
53114,24/06/26,13:00,10,8,9,10
53115,24/06/26,15:00,7,9,8,J
53116,24/06/26,17:00,10,J,9,Q
53117,24/06/26,19:00,A,J,Q,10
53118,24/06/26,21:00,9,A,Q,7
53119,25/06/26,09:00,Q,7,K,7
53120,25/06/26,11:00,A,A,J,7
53121,25/06/26,13:00,J,K,10,10
53122,25/06/26,15:00,10,A,J,J
53123,25/06/26,17:00,9,Q,K,Q
53124,25/06/26,19:00,Q,9,8,10
53125,25/06/26,21:00,A,K,J,A
53126,26/06/26,10:00,10,9,J,10
53127,26/06/26,12:00,10,7,9,A
53128,26/06/26,14:00,A,A,7,10
53129,27/06/26,21:30,A,Q,7,10
53130,27/06/26,23:30,7,7,8,8
53131,28/06/26,09:00,10,10,J,9
53132,28/06/26,11:00,J,7,9,9
53133,28/06/26,13:00,J,9,J,K
53134,28/06/26,15:00,K,J,9,7
53135,28/06/26,17:00,A,8,8,7
53136,28/06/26,19:00,K,8,J,9
53137,28/06/26,21:00,J,J,K,8
53138,29/06/26,09:00,9,A,A,K
53139,29/06/26,11:00,Q,10,9,8
53140,29/06/26,13:00,A,8,Q,9
53141,29/06/26,15:00,Q,Q,8,10
53142,29/06/26,17:00,10,K,7,7
53143,29/06/26,19:00,A,8,7,Q
53144,29/06/26,21:00,K,9,9,10
53145,30/06/26,09:00,9,7,Q,Q
53146,30/06/26,11:00,J,10,A,9
53147,30/06/26,13:00,10,A,A,8
53148,30/06/26,15:00,9,A,K,9
53149,30/06/26,17:00,9,8,K,J
53150,30/06/26,19:00,7,10,10,10
53151,30/06/26,21:00,K,7,10,A
53152,01/07/26,09:00,A,Q,9,9
53153,01/07/26,11:00,A,K,J,K
53154,01/07/26,13:00,10,7,K,9
53155,01/07/26,15:00,10,A,8,Q
53156,01/07/26,17:00,10,Q,J,9
53157,01/07/26,19:00,A,J,A,7
53158,01/07/26,21:00,8,10,7,7
53159,02/07/26,09:00,K,8,K,9
53160,02/07/26,11:00,8,8,J,8
53161,02/07/26,13:00,10,7,8,7
53162,02/07/26,15:00,8,9,J,K
53163,02/07/26,17:00,7,9,10,J
53164,02/07/26,19:00,10,K,7,7
53165,02/07/26,21:00,7,Q,8,10
53166,03/07/26,10:00,9,A,J,10
53167,03/07/26,12:00,Q,A,7,7
53168,03/07/26,14:00,J,9,10,8
53169,04/07/26,21:30,A,A,J,9
53170,04/07/26,23:30,8,Q,A,10
53171,05/07/26,09:00,8,K,7,10
53172,05/07/26,11:00,K,A,Q,7
53173,05/07/26,13:00,10,7,A,A
53174,05/07/26,15:00,7,J,10,J
53175,05/07/26,17:00,7,10,Q,9
53176,05/07/26,19:00,K,8,10,A
53177,05/07/26,21:00,K,J,9,8
53178,06/07/26,09:00,7,8,K,7
53179,06/07/26,11:00,8,K,8,J
53180,06/07/26,13:00,J,9,K,7
53181,06/07/26,15:00,K,7,Q,A
53182,06/07/26,17:00,Q,J,8,K
53183,06/07/26,19:00,8,A,8,A
53184,06/07/26,21:00,A,8,A,10
53185,07/07/26,09:00,9,7,Q,Q
53186,07/07/26,11:00,7,8,Q,8
53187,07/07/26,13:00,Q,8,J,J
53188,07/07/26,15:00,7,10,9,Q
53189,07/07/26,17:00,9,8,J,7
53190,07/07/26,19:00,9,A,J,10
53191,07/07/26,21:00,7,K,K,9
53192,08/07/26,09:00,K,J,7,Q
53193,08/07/26,11:00,A,8,A,9
53194,08/07/26,13:00,Q,7,A,8
53195,08/07/26,15:00,7,K,J,7
53196,08/07/26,17:00,8,K,9,Q
53197,08/07/26,19:00,Q,8,7,A
53198,08/07/26,21:00,A,A,9,9
53199,09/07/26,09:00,9,A,A,Q
53200,09/07/26,11:00,A,7,9,Q
53201,09/07/26,13:00,8,7,9,10
53202,09/07/26,15:00,A,9,Q,8
53203,09/07/26,17:00,Q,10,A,A
53204,09/07/26,19:00,Q,8,A,9
53205,09/07/26,21:00,K,7,10,9
53206,10/07/26,10:00,8,9,10,K
53207,10/07/26,12:00,10,A,10,J
53208,10/07/26,14:00,9,8,10,A
53209,11/07/26,21:30,10,J,A,7
53210,11/07/26,23:30,10,J,J,8
53211,12/07/26,09:00,8,9,7,J
53212,12/07/26,11:00,8,K,9,9
53213,12/07/26,13:00,10,Q,7,8
53214,12/07/26,15:00,Q,8,J,9
53215,12/07/26,17:00,A,8,7,Q
53216,12/07/26,19:00,Q,J,9,8
53217,12/07/26,21:00,A,9,9,7
53218,13/07/26,09:00,8,J,A,7
53219,13/07/26,11:00,J,J,10,9
53220,13/07/26,13:00,Q,A,A,9
53221,13/07/26,15:00,J,A,7,10
53222,13/07/26,17:00,J,K,J,8
53223,13/07/26,19:00,10,10,7,10
53224,13/07/26,21:00,7,A,7,7
53225,14/07/26,09:00,8,7,K,Q
53226,14/07/26,11:00,7,A,8,8
53227,14/07/26,13:00,Q,J,8,K
53228,14/07/26,15:00,J,K,8,J
53229,14/07/26,17:00,A,8,8,A
53230,14/07/26,19:00,K,K,Q,A
53231,14/07/26,21:00,9,9,A,A
53232,15/07/26,09:00,7,A,Q,A
53233,15/07/26,11:00,A,K,9,7
53234,15/07/26,13:00,K,Q,Q,Q
53235,15/07/26,15:00,K,9,J,A
53236,15/07/26,17:00,A,J,7,9
53237,15/07/26,19:00,K,K,7,A
53238,15/07/26,21:00,J,Q,8,10
53239,16/07/26,09:00,K,8,10,J
53240,16/07/26,11:00,J,A,K,J
53241,16/07/26,13:00,10,J,Q,10
53242,16/07/26,15:00,8,J,10,Q
53243,16/07/26,17:00,J,K,K,7
53244,16/07/26,19:00,Q,J,7,8
53245,16/07/26,21:00,J,Q,10,Q
53246,17/07/26,10:00,J,7,9,K
53247,17/07/26,12:00,A,7,Q,Q
53248,17/07/26,14:00,Q,9,Q,7
53249,18/07/26,21:30,J,A,A,7
53250,18/07/26,23:30,K,K,K,10
53251,19/07/26,09:00,Q,Q,K,8
53252,19/07/26,11:00,10,9,J,7
53253,19/07/26,13:00,J,9,9,8
53254,19/07/26,15:00,8,7,A,9
53255,19/07/26,17:00,7,8,8,10
53256,19/07/26,19:00,J,9,9,10
53257,19/07/26,21:00,8,A,A,Q
53258,20/07/26,09:00,9,K,9,A
53259,20/07/26,11:00,A,Q,J,10
53260,20/07/26,13:00,7,9,9,9
53261,20/07/26,15:00,A,J,J,K
53262,20/07/26,17:00,A,7,7,9
53263,20/07/26,19:00,7,K,Q,8
53264,20/07/26,21:00,8,10,10,7
53265,21/07/26,09:00,9,8,7,8
53266,21/07/26,11:00,8,K,10,A
53267,21/07/26,13:00,10,A,J,7
53268,21/07/26,15:00,Q,8,J,8
53269,21/07/26,17:00,A,J,A,A
53270,21/07/26,19:00,7,10,10,7
53271,21/07/26,21:00,9,K,7,Q
53272,22/07/26,09:00,8,J,J,8
53273,22/07/26,11:00,K,7,9,8
53274,22/07/26,13:00,Q,K,7,9
53275,22/07/26,15:00,A,8,10,J
53276,23/07/26,09:00,10,8,Q,Q
53277,23/07/26,11:00,9,8,A,Q
53278,23/07/26,13:00,10,9,9,8
53279,23/07/26,15:00,A,8,J,A
53280,23/07/26,17:00,J,J,Q,10
53281,23/07/26,19:00,Q,A,7,A
53282,23/07/26,21:00,10,8,7,7
53283,24/07/26,10:00,8,10,7,J
53284,24/07/26,12:00,8,Q,7,A
53285,24/07/26,14:00,Q,10,7,Q
53286,25/07/26,21:30,A,8,Q,K
53287,25/07/26,23:30,A,7,7,8
53288,26/07/26,09:00,8,8,K,7
53289,26/07/26,11:00,9,A,Q,A
53290,26/07/26,13:00,7,A,K,8
53291,26/07/26,15:00,10,A,10,10
53292,26/07/26,17:00,Q,10,9,7
53293,26/07/26,19:00,10,7,10,A
53294,26/07/26,21:00,A,Q,A,A
53295,27/07/26,09:00,Q,9,K,K
53296,27/07/26,11:00,Q,10,A,K
53297,27/07/26,13:00,A,7,Q,J
53298,27/07/26,15:00,K,9,Q,7
53299,27/07/26,17:00,Q,9,A,A
53300,27/07/26,19:00,J,A,10,9
53301,27/07/26,21:00,Q,Q,7,10
53302,28/07/26,09:00,Q,8,9,K
53303,28/07/26,11:00,9,10,10,J
53304,28/07/26,13:00,K,Q,10,K
53305,28/07/26,15:00,Q,K,Q,10
53306,28/07/26,17:00,8,8,J,8
53307,28/07/26,19:00,10,9,A,Q
53308,28/07/26,21:00,8,7,7,10
53309,29/07/26,09:00,A,A,8,8
53310,29/07/26,11:00,J,7,A,7
53311,29/07/26,13:00,8,K,Q,K
53312,29/07/26,15:00,7,Q,7,J
53313,29/07/26,17:00,10,K,8,7
53314,29/07/26,19:00,K,Q,K,K
53315,29/07/26,21:00,A,Q,K,8
53316,30/07/26,09:00,9,7,8,10
53317,30/07/26,11:00,10,9,J,K
53318,30/07/26,13:00,7,A,K,J
53319,30/07/26,15:00,9,8,Q,A
53320,30/07/26,17:00,7,8,K,A
53321,30/07/26,19:00,Q,9,9,7
53322,30/07/26,21:00,K,9,10,10
53323,31/07/26,10:00,8,9,J,A
53324,31/07/26,12:00,9,J,9,A
53325,31/07/26,14:00,A,K,7,8
53326,01/08/26,21:30,A,Q,J,9
53327,01/08/26,23:30,Q,9,A,8
53328,02/08/26,09:00,A,10,10,8
53329,02/08/26,11:00,7,K,8,8
53330,02/08/26,13:00,7,9,9,7
53331,02/08/26,15:00,Q,8,7,Q
53332,02/08/26,17:00,8,10,K,10
53333,02/08/26,19:00,A,10,Q,Q
53334,02/08/26,21:00,8,Q,J,K
53335,03/08/26,09:00,J,7,Q,9
53336,03/08/26,11:00,7,J,J,Q
53337,03/08/26,13:00,K,10,9,8
53338,03/08/26,15:00,8,Q,K,A
53339,03/08/26,17:00,Q,K,9,J
53340,03/08/26,19:00,J,Q,Q,10
53341,03/08/26,21:00,9,8,8,8
53342,04/08/26,09:00,10,10,J,8
53343,04/08/26,11:00,8,A,7,7
53344,04/08/26,13:00,9,8,10,8
53345,04/08/26,15:00,J,9,J,10
53346,04/08/26,17:00,A,A,Q,K
53347,04/08/26,19:00,10,J,7,J
53348,04/08/26,21:00,10,10,9,8
53349,05/08/26,09:00,8,J,J,10
53350,05/08/26,11:00,J,K,7,J
53351,05/08/26,13:00,9,A,7,7
53352,05/08/26,15:00,A,9,K,8
53353,05/08/26,17:00,J,10,9,A
53354,05/08/26,19:00,J,K,Q,Q
53355,05/08/26,21:00,9,7,10,K
53356,06/08/26,09:00,10,Q,J,Q
53357,06/08/26,11:00,7,7,A,Q
53358,06/08/26,13:00,8,9,9,8
53359,06/08/26,15:00,J,J,8,8
53360,06/08/26,17:00,Q,7,8,K
53361,06/08/26,19:00,K,Q,J,10
53362,06/08/26,21:00,7,Q,9,Q
53363,07/08/26,10:00,K,Q,8,A
53364,07/08/26,12:00,10,8,10,A
53365,07/08/26,14:00,A,10,8,7
53366,08/08/26,21:30,9,K,8,8
53367,08/08/26,23:30,9,A,K,Q
53368,09/08/26,09:00,9,J,10,J
53369,09/08/26,11:00,9,A,8,8
53370,09/08/26,13:00,A,9,A,J
53371,09/08/26,15:00,K,7,7,9
53372,09/08/26,17:00,7,Q,A,K
53373,09/08/26,19:00,J,J,K,A
53374,09/08/26,21:00,A,Q,K,7
53375,10/08/26,09:00,A,A,Q,10
53376,10/08/26,11:00,Q,J,Q,Q
53377,10/08/26,13:00,10,7,9,10
53378,10/08/26,15:00,K,J,Q,9
53379,10/08/26,17:00,J,K,Q,7
53380,10/08/26,19:00,Q,K,A,7
53381,10/08/26,21:00,7,9,A,Q
53382,11/08/26,09:00,7,A,8,10
53383,11/08/26,11:00,J,8,7,9
53384,11/08/26,13:00,A,J,9,Q
53385,11/08/26,15:00,10,8,8,Q
53386,11/08/26,17:00,A,A,Q,J
53387,11/08/26,19:00,K,J,10,J
53388,11/08/26,21:00,J,7,9,A
53389,12/08/26,09:00,7,A,10,10
53390,12/08/26,11:00,K,7,7,10
53391,12/08/26,13:00,J,7,8,J
53392,12/08/26,15:00,K,K,8,J
53393,12/08/26,17:00,9,7,9,K
53394,12/08/26,19:00,8,7,9,8
53395,12/08/26,21:00,Q,A,7,K
53396,13/08/26,09:00,A,Q,8,7
53397,13/08/26,11:00,9,Q,9,8
53398,13/08/26,13:00,A,J,8,J
53399,13/08/26,15:00,Q,J,A,9
53400,13/08/26,17:00,8,J,10,8
53401,13/08/26,19:00,9,8,7,9
53402,13/08/26,21:00,K,10,8,9
53403,14/08/26,10:00,J,A,A,K
53404,14/08/26,12:00,J,Q,K,8
53405,14/08/26,14:00,J,K,A,Q
53406,15/08/26,21:30,A,7,9,Q
53407,15/08/26,23:30,7,10,7,7
53408,16/08/26,09:00,J,10,8,K
53409,16/08/26,11:00,9,8,Q,8
53410,16/08/26,13:00,Q,7,8,9
53411,16/08/26,15:00,9,8,10,K
53412,16/08/26,17:00,Q,7,K,J
53413,16/08/26,19:00,10,9,K,8
53414,16/08/26,21:00,9,8,Q,K
53415,17/08/26,09:00,A,8,7,8
53416,17/08/26,11:00,J,Q,K,K
53417,17/08/26,13:00,K,9,A,A
53418,17/08/26,15:00,Q,Q,Q,A
53419,17/08/26,17:00,8,10,Q,Q
53420,17/08/26,19:00,Q,A,K,9
53421,17/08/26,21:00,Q,8,J,J
53422,18/08/26,09:00,J,A,J,8
53423,18/08/26,11:00,8,9,10,7
53424,18/08/26,13:00,10,A,A,K
53425,18/08/26,15:00,9,Q,8,J
53426,18/08/26,17:00,9,8,A,A
53427,18/08/26,19:00,A,A,8,7
53428,18/08/26,21:00,J,A,10,8
53429,19/08/26,09:00,A,7,10,Q
53430,19/08/26,11:00,8,Q,9,10
53431,19/08/26,13:00,7,J,7,K
53432,19/08/26,15:00,7,9,10,7
53433,19/08/26,17:00,10,J,7,10
53434,19/08/26,19:00,10,K,J,9
53435,19/08/26,21:00,8,7,7,K
53436,20/08/26,09:00,9,J,Q,7
53437,20/08/26,11:00,10,Q,J,Q
53438,20/08/26,13:00,7,Q,8,7
53439,20/08/26,15:00,7,Q,J,Q
53440,20/08/26,17:00,8,K,7,8
53441,20/08/26,19:00,10,Q,A,9
53442,20/08/26,21:00,9,10,7,10
53443,21/08/26,10:00,8,8,A,8
53444,21/08/26,12:00,8,7,J,10
53445,21/08/26,14:00,7,9,10,9
53446,22/08/26,21:30,K,J,7,8
53447,22/08/26,23:30,J,10,J,A
53448,23/08/26,09:00,8,9,Q,7
53449,23/08/26,11:00,7,A,K,9
53450,23/08/26,13:00,Q,7,9,A
53451,23/08/26,15:00,10,K,Q,Q
53452,23/08/26,17:00,8,10,7,A
53453,23/08/26,19:00,8,K,A,J
53454,23/08/26,21:00,7,8,Q,10
53455,24/08/26,09:00,K,10,Q,9
53456,24/08/26,11:00,Q,Q,K,Q
53457,24/08/26,13:00,8,9,Q,7
53458,24/08/26,15:00,9,7,9,A
53459,24/08/26,17:00,8,J,J,8
53460,24/08/26,19:00,9,J,9,7
53461,24/08/26,21:00,10,A,7,10
53462,25/08/26,09:00,J,K,J,10
53463,25/08/26,11:00,9,8,7,J
53464,25/08/26,13:00,A,J,10,7
53465,25/08/26,15:00,10,10,J,A
53466,25/08/26,17:00,J,J,K,K
53467,25/08/26,19:00,J,9,J,7
53468,25/08/26,21:00,K,K,9,K
53469,26/08/26,09:00,8,9,10,K
53470,26/08/26,11:00,Q,10,A,10
53471,26/08/26,13:00,K,A,A,9
53472,26/08/26,15:00,9,J,8,Q
53473,26/08/26,17:00,J,Q,10,8
53474,26/08/26,19:00,J,K,10,8
53475,26/08/26,21:00,A,A,Q,8
53476,27/08/26,09:00,K,Q,A,J
53477,27/08/26,11:00,Q,K,7,10
53478,27/08/26,13:00,9,A,9,J
53479,27/08/26,15:00,K,Q,7,9
53480,27/08/26,17:00,7,7,K,8
53481,27/08/26,19:00,7,10,Q,J
53482,27/08/26,21:00,8,10,J,8
53483,28/08/26,10:00,10,A,9,9
53484,28/08/26,12:00,Q,Q,Q,K
53485,28/08/26,14:00,J,K,Q,8
53486,29/08/26,21:30,Q,7,7,A
53487,29/08/26,23:30,J,7,10,J
53488,30/08/26,09:00,7,Q,9,Q
53489,30/08/26,11:00,K,Q,7,K
53490,30/08/26,13:00,K,9,10,7
53491,30/08/26,15:00,Q,A,J,7
53492,30/08/26,17:00,10,8,9,8
53493,30/08/26,19:00,J,Q,Q,A
53494,30/08/26,21:00,8,A,J,8
53495,31/08/26,09:00,10,10,7,9
53496,31/08/26,11:00,8,A,9,A
53497,31/08/26,13:00,8,A,A,7
53498,31/08/26,15:00,10,7,A,K
53499,31/08/26,17:00,7,J,7,7
53500,31/08/26,19:00,A,A,10,Q
53501,31/08/26,21:00,J,Q,10,A
53502,01/09/26,09:00,8,Q,9,Q
53503,01/09/26,11:00,8,10,J,A
53504,01/09/26,13:00,K,Q,J,A
53505,01/09/26,15:00,8,9,Q,Q
53506,01/09/26,17:00,A,7,K,K
53507,01/09/26,19:00,8,Q,A,8
53508,01/09/26,21:00,K,K,K,7
53509,02/09/26,09:00,9,9,Q,K
53510,02/09/26,11:00,J,K,A,10
53511,02/09/26,13:00,7,K,10,Q
53512,02/09/26,15:00,Q,J,7,K
53513,02/09/26,17:00,A,Q,10,7
53514,02/09/26,19:00,Q,Q,9,8
53515,02/09/26,21:00,9,10,Q,A
53516,03/09/26,09:00,9,A,Q,K
53517,03/09/26,11:00,8,J,Q,10
53518,03/09/26,13:00,10,10,Q,Q
53519,03/09/26,15:00,K,A,10,10
53520,03/09/26,17:00,J,10,J,9
53521,03/09/26,19:00,K,7,Q,K
53522,03/09/26,21:00,J,J,K,9
53523,04/09/26,10:00,K,8,Q,10
53524,04/09/26,12:00,Q,Q,7,10
53525,04/09/26,14:00,K,Q,8,J
53526,05/09/26,21:30,K,9,K,A
53527,05/09/26,23:30,8,K,A,K
53528,06/09/26,09:00,10,10,9,Q
53529,06/09/26,11:00,7,Q,8,K
53530,06/09/26,13:00,7,A,J,J
53531,06/09/26,15:00,7,9,Q,K
53532,06/09/26,17:00,10,K,7,K
53533,06/09/26,19:00,8,9,7,8
53534,06/09/26,21:00,7,K,K,7
53535,07/09/26,09:00,7,8,J,8
53536,07/09/26,11:00,10,8,A,K
53537,07/09/26,13:00,7,A,10,8
53538,07/09/26,15:00,7,8,8,7
53539,07/09/26,17:00,J,9,7,J
53540,07/09/26,19:00,8,J,9,8
53541,07/09/26,21:00,A,Q,K,9
53542,08/09/26,09:00,K,7,7,10
53543,08/09/26,11:00,K,Q,9,K
53544,08/09/26,13:00,10,A,K,K
53545,08/09/26,15:00,10,7,10,J
53546,08/09/26,17:00,Q,10,9,7
53547,08/09/26,19:00,A,7,K,8
53548,08/09/26,21:00,Q,Q,Q,8
53549,09/09/26,09:00,8,A,7,8
53550,09/09/26,11:00,8,J,10,J
53551,09/09/26,13:00,8,7,A,8
53552,09/09/26,15:00,7,A,10,K
53553,09/09/26,17:00,9,Q,10,K
53554,09/09/26,19:00,10,8,A,Q
53555,09/09/26,21:00,7,9,9,8
53556,10/09/26,09:00,7,J,8,9
53557,10/09/26,11:00,Q,10,7,J
53558,10/09/26,13:00,A,J,J,J
53559,10/09/26,15:00,9,Q,10,9
53560,10/09/26,17:00,8,8,J,A
53561,10/09/26,19:00,J,8,8,9
53562,10/09/26,21:00,8,J,J,Q
53563,11/09/26,10:00,9,9,K,K
53564,11/09/26,12:00,8,Q,9,10
53565,11/09/26,14:00,8,J,10,7
53566,13/09/26,21:30,Q,J,10,J
53567,14/09/26,09:00,Q,K,A,Q
53568,14/09/26,11:00,9,10,9,7
53569,14/09/26,13:00,J,7,K,J
53570,14/09/26,15:00,J,K,8,9
53571,14/09/26,17:00,Q,8,9,J
53572,14/09/26,19:00,10,10,7,K
53573,14/09/26,21:00,A,J,J,Q
53574,15/09/26,09:00,K,J,J,7
53575,15/09/26,11:00,J,10,8,8
53576,15/09/26,13:00,Q,K,10,10
53577,15/09/26,15:00,A,J,7,J
53578,15/09/26,17:00,A,J,A,7
53579,15/09/26,19:00,A,10,8,A
53580,15/09/26,21:00,10,7,K,8
53581,16/09/26,09:00,J,10,10,A
53582,16/09/26,11:00,7,10,J,Q
53583,16/09/26,13:00,10,Q,10,K
53584,16/09/26,15:00,10,8,7,8
53585,16/09/26,17:00,Q,9,8,8
53586,16/09/26,19:00,8,J,10,A
53587,16/09/26,21:00,9,9,Q,Q
53588,17/09/26,09:00,K,10,J,8
53589,17/09/26,11:00,J,10,9,Q
53590,17/09/26,13:00,8,7,A,8
53591,17/09/26,15:00,9,10,K,K
53592,17/09/26,17:00,8,K,10,J
53593,17/09/26,19:00,Q,7,Q,7
53594,17/09/26,21:00,7,9,7,10
53595,18/09/26,10:00,J,J,10,Q
53596,18/09/26,12:00,8,8,Q,9
53597,18/09/26,14:00,10,9,Q,J
53598,19/09/26,21:30,10,9,7,7
53599,19/09/26,23:30,9,9,Q,A
53600,20/09/26,09:00,K,8,7,A
53601,20/09/26,11:00,10,9,8,Q
53602,20/09/26,13:00,8,J,8,J
53603,21/09/26,21:30,J,8,7,7
53604,22/09/26,09:00,Q,K,K,Q
53605,22/09/26,11:00,10,10,Q,J
53606,22/09/26,13:00,10,J,10,A
53607,22/09/26,15:00,8,10,Q,J
53608,22/09/26,17:00,8,7,8,K
53609,22/09/26,19:00,9,7,J,Q
53610,22/09/26,21:00,10,7,8,10
53611,23/09/26,09:00,A,8,10,K
53612,23/09/26,11:00,J,J,10,K
53613,23/09/26,13:00,K,Q,J,K
53614,23/09/26,15:00,9,9,10,8
53615,23/09/26,17:00,9,8,K,K
53616,23/09/26,19:00,9,J,J,Q
53617,23/09/26,21:00,K,J,7,A
53618,24/09/26,09:00,Q,J,A,A
53619,24/09/26,11:00,K,7,K,10
53620,24/09/26,13:00,K,10,10,J
53621,24/09/26,15:00,9,8,9,A
53622,24/09/26,17:00,9,K,8,8
53623,24/09/26,19:00,8,8,8,J
53624,24/09/26,21:00,J,10,Q,A
53625,25/09/26,10:00,10,8,7,A
53626,25/09/26,12:00,A,7,Q,A
53627,25/09/26,14:00,A,Q,Q,A
53628,26/09/26,21:30,K,7,7,9
53629,26/09/26,23:30,J,K,10,9
53630,27/09/26,09:00,8,K,8,7
53631,27/09/26,11:00,J,9,J,K
53632,27/09/26,13:00,K,J,10,K
53633,27/09/26,15:00,A,8,7,Q
53634,27/09/26,17:00,9,7,A,7
53635,27/09/26,19:00,10,8,10,A
53636,27/09/26,21:00,8,Q,A,A
53637,28/09/26,09:00,8,K,J,7
53638,28/09/26,11:00,10,K,Q,8
53639,28/09/26,13:00,Q,K,A,8
53640,28/09/26,15:00,Q,9,J,9
53641,28/09/26,17:00,Q,A,10,J
53642,28/09/26,19:00,8,A,J,K
53643,28/09/26,21:00,K,7,10,10
53644,29/09/26,09:00,10,10,8,9
53645,29/09/26,11:00,Q,7,J,K
53646,29/09/26,13:00,7,9,J,8
53647,29/09/26,15:00,Q,9,J,A
53648,29/09/26,17:00,J,Q,J,8
53649,29/09/26,19:00,Q,A,9,8
53650,29/09/26,21:00,8,K,K,9
53651,30/09/26,09:00,8,Q,K,K
53652,30/09/26,11:00,9,9,9,Q
53653,30/09/26,13:00,7,9,8,8
53654,30/09/26,15:00,J,A,7,10
53655,30/09/26,17:00,7,10,J,8
53656,30/09/26,19:00,J,10,10,10
53657,30/09/26,21:00,8,K,7,8
53658,01/10/26,09:00,Q,Q,Q,8
53659,01/10/26,11:00,7,A,A,Q
53660,01/10/26,13:00,J,10,Q,Q
53661,01/10/26,15:00,8,K,8,9
53662,01/10/26,17:00,7,7,K,7
53663,01/10/26,19:00,9,J,K,8
53664,01/10/26,21:00,9,A,7,10
53665,02/10/26,10:00,K,10,8,Q
53666,02/10/26,12:00,9,K,7,10
53667,02/10/26,14:00,K,7,A,10
53668,03/10/26,21:30,9,K,7,7
53669,03/10/26,23:30,Q,10,9,K
53670,04/10/26,09:00,A,A,A,K
53671,04/10/26,11:00,Q,8,Q,10
53672,04/10/26,13:00,J,8,J,K
53673,04/10/26,15:00,8,8,9,Q
53674,04/10/26,17:00,10,10,9,K
53675,04/10/26,19:00,A,Q,7,Q
53676,04/10/26,21:00,J,J,7,K
53677,05/10/26,09:00,Q,7,7,A
53678,05/10/26,11:00,Q,K,8,A
53679,05/10/26,13:00,10,A,8,10
53680,05/10/26,15:00,A,Q,J,Q
53681,05/10/26,17:00,8,A,9,A
53682,05/10/26,19:00,K,9,J,8
53683,05/10/26,21:00,A,8,K,Q
53684,06/10/26,09:00,7,10,J,10
53685,06/10/26,11:00,10,J,J,8
53686,06/10/26,13:00,K,7,7,10
53687,06/10/26,15:00,8,Q,A,9
53688,06/10/26,17:00,K,J,A,Q
53689,06/10/26,19:00,K,8,7,8
53690,06/10/26,21:00,7,A,8,10
